user_id,event_id,timestamp,rsvp_status,compatibility_score
U0000,E0017,2026-01-06T10:09:28.503079,interested,8
U0000,E0008,2025-12-19T10:09:28.503085,going,8
U0000,E0081,2026-01-11T10:09:28.503089,going,8
U0000,E0039,2025-12-23T10:09:28.503092,going,7
U0000,E0000,2025-12-28T10:09:28.503095,going,7
U0000,E0078,2026-01-30T10:09:28.503098,going,7
U0000,E0042,2025-12-20T10:09:28.503101,going,7
U0000,E0093,2026-02-04T10:09:28.503104,interested,7
U0000,E0037,2025-12-30T10:09:28.503106,going,7
U0000,E0055,2026-01-03T10:09:28.503109,interested,7
U0000,E0015,2026-01-09T10:09:28.503112,interested,8
U0000,E0100,2026-01-15T10:09:28.503115,going,7
U0000,E0027,2025-12-14T10:09:28.503118,going,7
U0000,E0105,2025-12-24T10:09:28.503121,going,7
U0000,E0046,2026-01-24T10:09:28.503124,interested,7
U0001,E0110,2026-02-03T10:09:28.503435,interested,9
U0001,E0097,2026-01-25T10:09:28.503438,going,7
U0001,E0019,2025-12-26T10:09:28.503441,interested,7
U0001,E0054,2026-02-09T10:09:28.503444,going,7
U0001,E0117,2025-12-20T10:09:28.503447,interested,7
U0001,E0105,2026-01-09T10:09:28.503450,going,7
U0001,E0096,2026-01-13T10:09:28.503453,interested,7
U0002,E0089,2025-12-21T10:09:28.503727,interested,8
U0002,E0067,2026-01-14T10:09:28.503731,going,8
U0002,E0031,2026-02-10T10:09:28.503733,interested,7
U0002,E0053,2026-01-26T10:09:28.503736,going,7
U0002,E0085,2025-12-27T10:09:28.503739,going,8
U0002,E0108,2025-12-31T10:09:28.503742,interested,7
U0002,E0092,2026-01-24T10:09:28.503745,interested,7
U0003,E0029,2026-01-01T10:09:28.504058,going,8
U0003,E0101,2025-12-16T10:09:28.504061,going,8
U0003,E0081,2025-12-26T10:09:28.504064,going,9
U0003,E0115,2025-12-20T10:09:28.504067,interested,7
U0003,E0006,2026-02-05T10:09:28.504070,going,7
U0003,E0008,2026-01-13T10:09:28.504073,going,8
U0003,E0039,2026-01-11T10:09:28.504076,interested,7
U0003,E0042,2026-01-31T10:09:28.504079,going,7
U0003,E0015,2025-12-19T10:09:28.504082,interested,8
U0003,E0017,2026-01-03T10:09:28.504085,going,8
U0004,E0085,2026-02-08T10:09:28.504400,interested,8
U0004,E0010,2026-01-26T10:09:28.504403,going,8
U0004,E0091,2026-02-10T10:09:28.504406,going,8
U0004,E0089,2026-02-05T10:09:28.504409,interested,7
U0004,E0031,2025-12-23T10:09:28.504412,interested,7
U0004,E0051,2026-01-19T10:09:28.504415,going,7
U0005,E0008,2026-01-16T10:09:28.504706,going,8
U0005,E0106,2025-12-23T10:09:28.504710,going,8
U0005,E0086,2026-01-12T10:09:28.504713,going,7
U0005,E0056,2025-12-28T10:09:28.504716,going,8
U0005,E0043,2026-01-12T10:09:28.504718,interested,7
U0006,E0029,2026-02-06T10:09:28.504980,interested,8
U0006,E0048,2026-01-06T10:09:28.504983,going,7
U0007,E0087,2026-01-22T10:09:28.505265,interested,7
U0007,E0074,2026-01-31T10:09:28.505269,going,7
U0007,E0102,2025-12-26T10:09:28.505272,going,7
U0008,E0093,2026-02-09T10:09:28.505648,going,7
U0008,E0094,2026-02-02T10:09:28.505652,interested,7
U0008,E0107,2026-02-10T10:09:28.505655,interested,7
U0008,E0037,2026-01-27T10:09:28.505658,going,7
U0008,E0051,2025-12-18T10:09:28.505661,interested,7
U0008,E0018,2026-02-09T10:09:28.505663,going,8
U0009,E0058,2026-01-07T10:09:28.505981,going,9
U0009,E0093,2026-01-30T10:09:28.505985,going,8
U0009,E0018,2026-01-09T10:09:28.505988,interested,8
U0009,E0110,2026-01-06T10:09:28.505990,going,8
U0009,E0108,2026-02-09T10:09:28.505994,going,7
U0010,E0100,2026-01-21T10:09:28.506257,interested,8
U0010,E0107,2025-12-16T10:09:28.506260,going,7
U0011,E0058,2025-12-22T10:09:28.506650,going,8
U0011,E0049,2025-12-25T10:09:28.506653,going,7
U0011,E0083,2025-12-21T10:09:28.506656,going,7
U0011,E0001,2026-01-15T10:09:28.506659,interested,7
U0011,E0104,2026-02-08T10:09:28.506662,interested,7
U0011,E0024,2026-01-19T10:09:28.506665,going,8
U0012,E0106,2026-01-24T10:09:28.506959,going,8
U0012,E0035,2025-12-27T10:09:28.506962,interested,8
U0012,E0080,2026-01-05T10:09:28.506965,going,7
U0012,E0077,2026-01-31T10:09:28.506971,going,7
U0012,E0075,2026-01-22T10:09:28.506974,going,7
U0012,E0020,2025-12-15T10:09:28.506977,interested,7
U0013,E0024,2025-12-31T10:09:28.507308,interested,9
U0013,E0117,2025-12-17T10:09:28.507312,interested,8
U0013,E0058,2025-12-15T10:09:28.507315,going,8
U0013,E0038,2026-01-03T10:09:28.507318,interested,8
U0013,E0081,2026-01-02T10:09:28.507321,going,8
U0013,E0035,2026-01-12T10:09:28.507324,going,8
U0013,E0025,2026-01-14T10:09:28.507326,going,8
U0014,E0056,2026-01-05T10:09:28.507734,going,8
U0014,E0106,2025-12-15T10:09:28.507738,going,8
U0014,E0008,2025-12-28T10:09:28.507740,going,8
U0014,E0013,2026-01-25T10:09:28.507743,interested,7
U0014,E0046,2026-01-12T10:09:28.507746,going,7
U0015,E0015,2025-12-13T10:09:28.508142,going,8
U0015,E0020,2025-12-27T10:09:28.508174,going,7
U0016,E0051,2026-01-10T10:09:28.508683,going,7
U0017,E0087,2026-01-27T10:09:28.509102,going,8
U0017,E0035,2025-12-31T10:09:28.509108,interested,8
U0017,E0040,2026-01-15T10:09:28.509113,going,7
U0017,E0102,2026-01-20T10:09:28.509118,going,8
U0017,E0082,2025-12-31T10:09:28.509123,interested,7
U0018,E0014,2026-01-29T10:09:28.509599,going,8
U0018,E0077,2025-12-19T10:09:28.509606,interested,8
U0018,E0116,2026-01-23T10:09:28.509611,going,7
U0018,E0008,2026-01-10T10:09:28.509616,going,8
U0018,E0082,2025-12-20T10:09:28.509620,interested,7
U0019,E0020,2026-01-17T10:09:28.510219,interested,8
U0019,E0081,2026-01-12T10:09:28.510226,going,8
U0019,E0057,2025-12-25T10:09:28.510231,interested,8
U0019,E0073,2025-12-29T10:09:28.510235,interested,7
U0019,E0017,2026-01-27T10:09:28.510242,going,8
U0019,E0094,2026-01-15T10:09:28.510247,interested,7
U0019,E0006,2025-12-18T10:09:28.510252,interested,8
U0019,E0101,2026-01-29T10:09:28.510257,going,7
U0019,E0078,2025-12-15T10:09:28.510261,interested,7
U0019,E0115,2025-12-29T10:09:28.510266,interested,7
U0020,E0010,2026-01-17T10:09:28.510695,going,8
U0020,E0031,2026-01-14T10:09:28.510701,interested,7
U0020,E0091,2026-01-19T10:09:28.510706,interested,7
U0020,E0089,2026-01-19T10:09:28.510713,going,7
U0020,E0009,2025-12-30T10:09:28.510717,going,7
U0021,E0017,2025-12-26T10:09:28.511147,interested,8
U0021,E0094,2025-12-22T10:09:28.511153,going,7
U0022,E0015,2025-12-19T10:09:28.511562,going,8
U0022,E0027,2025-12-24T10:09:28.511568,going,8
U0022,E0115,2025-12-18T10:09:28.511573,going,7
U0022,E0101,2025-12-29T10:09:28.511578,interested,8
U0022,E0075,2025-12-22T10:09:28.511582,interested,7
U0022,E0077,2026-01-13T10:09:28.511587,interested,7
U0023,E0051,2025-12-27T10:09:28.512005,going,8
U0023,E0020,2026-01-10T10:09:28.512013,interested,8
U0024,E0015,2026-01-11T10:09:28.512331,interested,8
U0025,E0078,2026-01-31T10:09:28.512876,going,7
U0025,E0030,2026-02-03T10:09:28.512909,going,7
U0025,E0109,2025-12-14T10:09:28.512917,interested,7
U0025,E0073,2026-01-31T10:09:28.512922,going,8
U0025,E0049,2026-01-23T10:09:28.512933,going,7
U0025,E0079,2026-01-13T10:09:28.512939,going,7
U0025,E0080,2026-01-10T10:09:28.512944,going,7
U0026,E0085,2025-12-18T10:09:28.513439,going,8
U0026,E0021,2026-01-27T10:09:28.513446,interested,8
U0026,E0009,2026-01-22T10:09:28.513451,interested,7
U0026,E0010,2025-12-30T10:09:28.513455,going,8
U0026,E0072,2026-01-05T10:09:28.513460,going,7
U0026,E0067,2026-02-02T10:09:28.513466,going,8
U0026,E0108,2026-01-17T10:09:28.513470,going,7
U0027,E0010,2026-01-16T10:09:28.513923,going,8
U0027,E0051,2026-02-08T10:09:28.513929,interested,8
U0028,E0100,2025-12-20T10:09:28.514376,going,8
U0028,E0107,2026-01-19T10:09:28.514382,interested,7
U0028,E0087,2026-01-30T10:09:28.514388,going,7
U0029,E0025,2026-01-27T10:09:28.514838,going,7
U0029,E0063,2025-12-22T10:09:28.514845,going,7
U0029,E0037,2026-01-02T10:09:28.514850,going,7
U0029,E0080,2026-01-12T10:09:28.514855,interested,7
U0029,E0020,2026-01-12T10:09:28.514864,interested,7
U0029,E0106,2025-12-16T10:09:28.514869,going,8
U0030,E0110,2026-02-02T10:09:28.515351,going,9
U0031,E0011,2026-01-27T10:09:28.515782,going,8
U0031,E0080,2025-12-25T10:09:28.515788,going,7
U0031,E0096,2026-01-11T10:09:28.515793,going,7
U0032,E0029,2026-01-21T10:09:28.516306,going,8
U0032,E0015,2025-12-25T10:09:28.516313,interested,9
U0032,E0008,2026-01-10T10:09:28.516321,interested,8
U0032,E0017,2026-02-06T10:09:28.516327,going,8
U0032,E0077,2026-01-06T10:09:28.516332,going,7
U0032,E0055,2026-01-26T10:09:28.516337,going,7
U0032,E0073,2026-01-13T10:09:28.516341,going,8
U0033,E0016,2025-12-22T10:09:28.516781,going,7
U0033,E0064,2026-01-08T10:09:28.516787,interested,7
U0033,E0046,2025-12-31T10:09:28.516793,interested,7
U0034,E0058,2025-12-30T10:09:28.517209,going,8
U0034,E0078,2026-02-01T10:09:28.517215,interested,7
U0034,E0004,2026-01-03T10:09:28.517220,interested,7
U0034,E0030,2025-12-29T10:09:28.517225,going,7
U0034,E0113,2026-01-25T10:09:28.517232,going,7
U0035,E0058,2025-12-22T10:09:28.517724,going,8
U0035,E0062,2026-01-19T10:09:28.517732,interested,8
U0036,E0008,2025-12-18T10:09:28.518236,interested,9
U0036,E0116,2025-12-26T10:09:28.518244,interested,8
U0037,E0062,2026-02-04T10:09:28.518774,going,8
U0037,E0089,2025-12-20T10:09:28.518782,going,8
U0037,E0058,2026-01-26T10:09:28.518785,going,8
U0037,E0104,2026-01-29T10:09:28.518788,going,7
U0037,E0063,2026-01-22T10:09:28.518791,going,7
U0037,E0000,2026-02-02T10:09:28.518794,going,7
U0037,E0079,2026-01-06T10:09:28.518797,going,7
U0037,E0065,2026-01-04T10:09:28.518800,interested,8
U0037,E0041,2026-01-24T10:09:28.518803,going,7
U0037,E0049,2025-12-26T10:09:28.518806,going,7
U0037,E0070,2026-01-14T10:09:28.518811,going,7
U0037,E0037,2026-01-06T10:09:28.518815,interested,7
U0038,E0085,2025-12-25T10:09:28.519706,going,8
U0038,E0072,2025-12-27T10:09:28.519727,interested,8
U0038,E0054,2025-12-28T10:09:28.519732,going,7
U0038,E0047,2025-12-25T10:09:28.519737,interested,7
U0039,E0106,2026-01-27T10:09:28.520336,going,8
U0039,E0035,2026-01-20T10:09:28.520344,interested,8
U0039,E0011,2026-01-11T10:09:28.520372,going,8
U0039,E0081,2026-01-09T10:09:28.520380,interested,8
U0039,E0082,2025-12-31T10:09:28.520386,going,7
U0039,E0097,2026-01-22T10:09:28.520391,going,7
U0039,E0105,2026-01-24T10:09:28.520396,interested,7
U0039,E0019,2026-01-24T10:09:28.520401,interested,7
U0039,E0039,2025-12-27T10:09:28.520405,interested,7
U0039,E0017,2026-01-26T10:09:28.520410,interested,9
U0039,E0000,2025-12-15T10:09:28.520415,going,7
U0039,E0086,2026-01-30T10:09:28.520419,going,7
U0039,E0055,2026-02-10T10:09:28.520424,going,7
U0039,E0080,2025-12-30T10:09:28.520429,going,7
U0039,E0032,2026-01-21T10:09:28.520434,going,7
U0040,E0022,2025-12-26T10:09:28.520946,going,7
U0040,E0058,2026-01-14T10:09:28.520952,interested,8
U0040,E0049,2026-02-01T10:09:28.520958,interested,7
U0040,E0010,2026-02-05T10:09:28.520962,interested,8
U0040,E0077,2026-01-30T10:09:28.520967,interested,7
U0040,E0095,2026-01-30T10:09:28.520972,going,7
U0040,E0042,2026-01-29T10:09:28.520977,going,7
U0041,E0017,2026-01-15T10:09:28.521433,going,8
U0041,E0078,2026-01-10T10:09:28.521440,going,7
U0041,E0039,2026-01-07T10:09:28.521444,interested,7
U0042,E0008,2026-02-01T10:09:28.522075,going,8
U0042,E0106,2026-01-01T10:09:28.522081,interested,8
U0042,E0043,2026-02-04T10:09:28.522086,going,7
U0042,E0052,2026-02-01T10:09:28.522091,interested,7
U0042,E0099,2026-01-06T10:09:28.522096,going,7
U0042,E0011,2026-01-10T10:09:28.522101,going,8
U0042,E0083,2026-01-12T10:09:28.522106,interested,7
U0042,E0086,2026-01-31T10:09:28.522110,interested,7
U0042,E0079,2026-01-31T10:09:28.522115,going,7
U0042,E0023,2026-01-24T10:09:28.522119,going,7
U0042,E0007,2026-01-18T10:09:28.522124,interested,7
U0043,E0073,2026-01-22T10:09:28.522611,interested,8
U0043,E0115,2026-01-09T10:09:28.522621,going,7
U0043,E0078,2025-12-28T10:09:28.522631,interested,7
U0043,E0051,2025-12-31T10:09:28.522636,interested,7
U0043,E0030,2026-01-15T10:09:28.522641,interested,7
U0043,E0057,2026-01-19T10:09:28.522649,interested,7
U0044,E0009,2025-12-13T10:09:28.523118,going,8
U0044,E0067,2026-01-01T10:09:28.523125,going,8
U0044,E0108,2026-01-01T10:09:28.523130,going,7
U0045,E0107,2026-01-23T10:09:28.523610,going,7
U0045,E0090,2025-12-31T10:09:28.523617,going,7
U0045,E0100,2026-02-10T10:09:28.523622,interested,7
U0045,E0052,2026-01-23T10:09:28.523629,going,7
U0045,E0093,2025-12-19T10:09:28.523635,interested,7
U0045,E0076,2026-02-08T10:09:28.523640,going,7
U0046,E0051,2026-01-28T10:09:28.524148,going,7
U0046,E0037,2026-01-16T10:09:28.524155,going,7
U0046,E0000,2026-01-14T10:09:28.524160,going,7
U0046,E0002,2026-01-20T10:09:28.524167,going,7
U0048,E0110,2026-01-22T10:09:28.525090,going,8
U0048,E0010,2025-12-13T10:09:28.525097,going,8
U0049,E0035,2025-12-26T10:09:28.525545,going,8
U0050,E0032,2026-02-02T10:09:28.526027,interested,7
U0050,E0099,2025-12-28T10:09:28.526045,interested,7
U0050,E0080,2026-01-06T10:09:28.526049,going,7
U0050,E0014,2026-02-03T10:09:28.526053,interested,7
U0051,E0114,2026-02-08T10:09:28.526564,going,7
U0051,E0096,2026-01-24T10:09:28.526570,interested,7
U0051,E0079,2026-01-24T10:09:28.526573,going,7
U0051,E0024,2026-01-25T10:09:28.526576,going,8
U0051,E0109,2025-12-21T10:09:28.526579,going,7
U0051,E0059,2026-02-10T10:09:28.526582,going,7
U0051,E0001,2026-01-22T10:09:28.526585,going,7
U0051,E0064,2025-12-30T10:09:28.526588,interested,7
U0051,E0061,2025-12-19T10:09:28.526591,interested,7
U0051,E0088,2025-12-18T10:09:28.526594,going,7
U0051,E0037,2026-01-13T10:09:28.526597,interested,7
U0051,E0050,2026-02-09T10:09:28.526600,interested,7
U0052,E0000,2026-01-06T10:09:28.526983,going,7
U0052,E0110,2026-01-15T10:09:28.526987,going,8
U0053,E0032,2026-01-24T10:09:28.527297,going,8
U0053,E0113,2025-12-16T10:09:28.527300,going,7
U0053,E0042,2026-01-21T10:09:28.527303,going,7
U0053,E0119,2026-01-19T10:09:28.527306,interested,8
U0053,E0064,2026-01-31T10:09:28.527309,going,7
U0054,E0085,2026-02-02T10:09:28.527630,interested,8
U0054,E0108,2025-12-19T10:09:28.527634,interested,7
U0054,E0089,2026-01-03T10:09:28.527637,interested,7
U0054,E0060,2025-12-29T10:09:28.527640,going,7
U0054,E0091,2026-02-09T10:09:28.527642,interested,7
U0055,E0008,2025-12-24T10:09:28.527992,going,8
U0055,E0017,2025-12-22T10:09:28.527996,interested,8
U0056,E0054,2026-01-08T10:09:28.528344,interested,8
U0056,E0000,2026-01-08T10:09:28.528347,going,7
U0057,E0015,2026-01-22T10:09:28.528771,going,8
U0057,E0100,2026-01-17T10:09:28.528778,going,7
U0057,E0071,2026-01-23T10:09:28.528781,going,7
U0058,E0099,2026-01-06T10:09:28.529107,going,7
U0058,E0040,2026-01-16T10:09:28.529111,going,7
U0058,E0016,2026-01-28T10:09:28.529114,interested,6
U0058,E0013,2025-12-30T10:09:28.529117,interested,7
U0058,E0080,2025-12-19T10:09:28.529120,interested,7
U0059,E0106,2026-01-28T10:09:28.531924,interested,8
U0059,E0008,2026-01-24T10:09:28.531932,going,8
U0059,E0102,2025-12-28T10:09:28.531936,going,7
U0059,E0014,2026-01-24T10:09:28.531939,going,7
U0059,E0077,2025-12-30T10:09:28.531941,going,7
U0059,E0096,2026-01-03T10:09:28.531944,interested,7
U0059,E0099,2025-12-14T10:09:28.531947,going,7
U0059,E0098,2025-12-29T10:09:28.531950,interested,7
U0059,E0116,2026-01-24T10:09:28.531953,going,7
U0059,E0074,2026-01-15T10:09:28.531955,going,7
U0059,E0056,2026-02-09T10:09:28.531958,interested,8
U0059,E0032,2025-12-30T10:09:28.531961,going,7
U0059,E0087,2026-01-24T10:09:28.531964,interested,7
U0059,E0040,2026-01-12T10:09:28.531967,going,7
U0060,E0017,2025-12-15T10:09:28.532431,going,8
U0060,E0081,2026-01-28T10:09:28.532440,going,8
U0060,E0057,2026-01-12T10:09:28.532445,interested,7
U0060,E0042,2026-01-26T10:09:28.532448,going,7
U0060,E0006,2026-01-03T10:09:28.532451,interested,7
U0060,E0037,2026-01-26T10:09:28.532453,going,7
U0060,E0094,2026-01-12T10:09:28.532457,going,7
U0061,E0072,2025-12-16T10:09:28.532796,going,7
U0061,E0068,2026-01-21T10:09:28.532800,going,7
U0061,E0047,2026-02-06T10:09:28.532803,going,7
U0061,E0012,2026-01-11T10:09:28.532806,going,7
U0061,E0044,2026-01-13T10:09:28.532809,going,7
U0061,E0110,2026-01-11T10:09:28.532812,going,8
U0062,E0029,2026-01-18T10:09:28.533142,interested,9
U0062,E0115,2025-12-25T10:09:28.533146,going,7
U0062,E0064,2026-01-30T10:09:28.533149,interested,7
U0063,E0112,2026-01-30T10:09:28.533561,going,8
U0063,E0085,2026-02-10T10:09:28.533565,going,8
U0063,E0035,2026-01-08T10:09:28.533568,going,8
U0063,E0110,2026-02-02T10:09:28.533570,going,8
U0063,E0058,2026-01-11T10:09:28.533573,going,8
U0063,E0031,2026-02-07T10:09:28.533576,going,7
U0063,E0106,2025-12-21T10:09:28.533579,going,8
U0063,E0093,2025-12-17T10:09:28.533582,going,7
U0063,E0044,2025-12-30T10:09:28.533585,interested,7
U0063,E0100,2026-01-18T10:09:28.533587,going,7
U0063,E0041,2026-01-15T10:09:28.533590,going,7
U0063,E0069,2026-01-15T10:09:28.533593,going,7
U0063,E0000,2026-01-30T10:09:28.533596,going,7
U0063,E0115,2026-02-01T10:09:28.533599,going,7
U0064,E0100,2025-12-17T10:09:28.533913,going,7
U0064,E0105,2026-01-08T10:09:28.533917,going,7
U0065,E0025,2026-01-25T10:09:28.534531,interested,7
U0065,E0115,2025-12-20T10:09:28.534542,going,7
U0065,E0017,2026-01-19T10:09:28.534548,interested,8
U0066,E0062,2026-02-04T10:09:28.535023,going,8
U0066,E0042,2026-01-27T10:09:28.535029,going,7
U0066,E0032,2026-01-19T10:09:28.535035,going,7
U0066,E0077,2025-12-28T10:09:28.535043,going,7
U0066,E0106,2026-01-06T10:09:28.535051,going,8
U0067,E0106,2025-12-31T10:09:28.535661,interested,8
U0067,E0063,2025-12-14T10:09:28.535670,going,8
U0067,E0096,2026-01-05T10:09:28.535676,going,7
U0067,E0090,2025-12-28T10:09:28.535681,going,7
U0067,E0064,2026-01-08T10:09:28.535688,interested,7
U0067,E0059,2025-12-24T10:09:28.535694,going,7
U0067,E0003,2025-12-31T10:09:28.535699,going,7
U0067,E0117,2026-01-23T10:09:28.535707,interested,7
U0067,E0046,2026-02-02T10:09:28.535712,interested,7
U0067,E0052,2025-12-24T10:09:28.535717,going,7
U0068,E0106,2026-02-04T10:09:28.536337,going,8
U0068,E0079,2026-01-27T10:09:28.536346,going,7
U0068,E0115,2026-01-17T10:09:28.536351,going,7
U0068,E0024,2026-01-05T10:09:28.536356,going,8
U0068,E0017,2025-12-20T10:09:28.536361,interested,8
U0068,E0046,2025-12-23T10:09:28.536366,going,7
U0068,E0059,2026-02-03T10:09:28.536371,going,7
U0069,E0008,2026-01-29T10:09:28.536821,going,8
U0069,E0082,2026-02-01T10:09:28.536829,going,7
U0069,E0116,2026-01-22T10:09:28.536835,going,7
U0069,E0074,2026-01-18T10:09:28.536841,going,7
U0069,E0102,2025-12-14T10:09:28.536848,interested,7
U0070,E0081,2025-12-17T10:09:28.537377,interested,8
U0070,E0064,2025-12-22T10:09:28.537383,going,7
U0070,E0071,2026-02-04T10:09:28.537388,going,7
U0070,E0115,2026-02-03T10:09:28.537396,going,7
U0070,E0094,2025-12-27T10:09:28.537401,going,7
U0070,E0029,2026-01-29T10:09:28.537406,going,8
U0072,E0115,2026-01-28T10:09:28.538510,interested,7
U0072,E0062,2026-01-31T10:09:28.538517,going,8
U0072,E0008,2025-12-24T10:09:28.538525,interested,6
U0072,E0085,2026-01-27T10:09:28.538533,going,7
U0072,E0064,2026-02-07T10:09:28.538538,going,7
U0072,E0067,2025-12-29T10:09:28.538543,going,7
U0072,E0058,2026-02-09T10:09:28.538551,going,8
U0072,E0030,2025-12-31T10:09:28.538557,going,7
U0072,E0092,2026-01-27T10:09:28.538564,interested,6
U0072,E0079,2026-02-08T10:09:28.538570,going,7
U0073,E0112,2026-01-14T10:09:28.539035,going,7
U0073,E0061,2025-12-16T10:09:28.539041,interested,7
U0073,E0118,2026-02-06T10:09:28.539046,interested,7
U0073,E0009,2026-01-15T10:09:28.539051,going,7
U0073,E0082,2026-02-09T10:09:28.539055,interested,5
U0074,E0070,2025-12-14T10:09:28.539485,going,7
U0074,E0113,2026-02-01T10:09:28.539491,going,7
U0074,E0078,2026-01-20T10:09:28.539496,going,7
U0074,E0079,2026-01-01T10:09:28.539500,going,7
U0074,E0064,2026-01-31T10:09:28.539505,going,7
U0075,E0024,2026-01-10T10:09:28.540010,going,9
U0075,E0059,2026-02-10T10:09:28.540018,interested,8
U0075,E0117,2025-12-23T10:09:28.540023,going,8
U0075,E0100,2025-12-21T10:09:28.540028,going,7
U0076,E0056,2026-01-14T10:09:28.540451,going,8
U0076,E0011,2025-12-30T10:09:28.540455,going,8
U0076,E0082,2025-12-23T10:09:28.540458,going,7
U0076,E0044,2025-12-16T10:09:28.540461,going,7
U0076,E0110,2025-12-21T10:09:28.540464,going,8
U0077,E0106,2025-12-16T10:09:28.540940,going,8
U0077,E0049,2026-01-10T10:09:28.540948,interested,7
U0078,E0085,2025-12-22T10:09:28.541630,going,8
U0078,E0003,2026-02-02T10:09:28.541650,going,7
U0078,E0069,2025-12-22T10:09:28.541656,interested,8
U0078,E0104,2026-01-16T10:09:28.541660,going,8
U0078,E0009,2026-02-01T10:09:28.541665,going,7
U0078,E0095,2025-12-15T10:09:28.541670,going,7
U0078,E0022,2025-12-15T10:09:28.541674,interested,7
U0079,E0051,2025-12-20T10:09:28.542305,going,7
U0079,E0003,2026-01-06T10:09:28.542312,going,7
U0080,E0008,2026-01-19T10:09:28.542929,going,8
U0080,E0015,2026-02-07T10:09:28.542937,going,8
U0081,E0112,2025-12-31T10:09:28.543294,going,8
U0081,E0070,2026-02-10T10:09:28.543302,going,7
U0081,E0069,2026-01-14T10:09:28.543305,going,7
U0081,E0049,2026-01-20T10:09:28.543309,going,7
U0081,E0030,2026-01-26T10:09:28.543312,interested,7
U0082,E0098,2026-01-30T10:09:28.549215,going,7
U0083,E0056,2026-01-31T10:09:28.549599,going,9
U0084,E0077,2026-01-05T10:09:28.550719,interested,7
U0084,E0029,2026-02-10T10:09:28.550730,interested,8
U0084,E0048,2025-12-28T10:09:28.550734,interested,7
U0085,E0008,2025-12-28T10:09:28.551064,going,8
U0086,E0056,2026-01-01T10:09:28.551457,interested,8
U0086,E0067,2026-01-31T10:09:28.551461,interested,8
U0086,E0068,2025-12-24T10:09:28.551464,interested,7
U0086,E0099,2025-12-24T10:09:28.551467,interested,7
U0086,E0047,2025-12-17T10:09:28.551470,going,7
U0086,E0054,2026-01-30T10:09:28.551473,interested,7
U0086,E0044,2025-12-22T10:09:28.551476,going,7
U0086,E0043,2025-12-26T10:09:28.551479,going,7
U0086,E0014,2026-01-18T10:09:28.551481,interested,7
U0086,E0086,2026-01-07T10:09:28.551484,going,7
U0086,E0012,2026-01-30T10:09:28.551487,interested,7
U0087,E0035,2025-12-23T10:09:28.551832,interested,8
U0087,E0081,2026-01-26T10:09:28.551836,interested,8
U0088,E0058,2025-12-16T10:09:28.552170,interested,8
U0088,E0035,2026-01-05T10:09:28.552174,going,8
U0088,E0051,2025-12-22T10:09:28.552177,going,7
U0088,E0100,2026-01-30T10:09:28.552181,going,8
U0088,E0066,2026-02-04T10:09:28.552184,going,7
U0089,E0112,2025-12-13T10:09:28.552592,going,8
U0089,E0010,2026-02-06T10:09:28.552595,interested,8
U0089,E0028,2026-02-09T10:09:28.552599,interested,7
U0089,E0022,2025-12-13T10:09:28.552602,going,7
U0089,E0095,2025-12-29T10:09:28.552607,going,7
U0089,E0021,2026-01-25T10:09:28.552611,going,8
U0089,E0108,2026-01-29T10:09:28.552614,going,7
U0089,E0085,2026-01-29T10:09:28.552617,interested,8
U0090,E0008,2026-01-13T10:09:28.552951,going,8
U0090,E0011,2025-12-29T10:09:28.552955,interested,9
U0090,E0032,2026-01-16T10:09:28.552958,going,7
U0090,E0096,2026-02-01T10:09:28.552964,going,7
U0091,E0075,2026-02-09T10:09:28.553321,going,8
U0091,E0008,2026-01-21T10:09:28.553324,interested,8
U0091,E0090,2025-12-23T10:09:28.553327,going,7
U0091,E0116,2026-01-23T10:09:28.553330,interested,7
U0091,E0105,2026-01-27T10:09:28.553333,going,7
U0091,E0026,2026-01-29T10:09:28.553336,interested,7
U0092,E0033,2026-01-04T10:09:28.553690,going,8
U0092,E0081,2025-12-27T10:09:28.553693,interested,8
U0092,E0008,2026-02-01T10:09:28.553696,interested,8
U0092,E0055,2025-12-18T10:09:28.553699,going,7
U0092,E0077,2025-12-13T10:09:28.553702,going,7
U0093,E0106,2025-12-31T10:09:28.554041,interested,8
U0093,E0062,2025-12-25T10:09:28.554044,going,8
U0094,E0035,2026-02-02T10:09:28.586609,going,8
U0094,E0110,2026-02-08T10:09:28.586631,going,8
U0094,E0051,2026-01-02T10:09:28.586635,going,8
U0094,E0018,2026-02-08T10:09:28.586639,interested,8
U0094,E0074,2026-02-02T10:09:28.586642,going,7
U0095,E0028,2026-01-26T10:09:28.587160,interested,8
U0095,E0103,2026-01-11T10:09:28.587171,going,8
U0095,E0111,2026-02-02T10:09:28.587176,interested,7
U0096,E0010,2026-01-13T10:09:28.587545,going,8
U0096,E0019,2026-02-03T10:09:28.587549,interested,7
U0096,E0067,2026-01-17T10:09:28.587552,going,8
U0096,E0021,2026-01-06T10:09:28.587555,going,8
U0096,E0051,2026-01-23T10:09:28.587558,going,7
U0096,E0068,2026-01-15T10:09:28.587561,interested,7
U0097,E0058,2025-12-23T10:09:28.587938,interested,8
U0097,E0077,2026-01-04T10:09:28.587942,going,7
U0097,E0003,2025-12-30T10:09:28.587945,going,7
U0097,E0110,2026-01-16T10:09:28.587948,going,8
U0097,E0078,2026-01-23T10:09:28.587951,going,7
U0097,E0092,2026-02-08T10:09:28.587954,going,7
U0097,E0004,2025-12-13T10:09:28.587957,interested,7
U0098,E0067,2026-01-25T10:09:28.588402,going,8
U0098,E0053,2026-02-07T10:09:28.588405,interested,8
U0098,E0009,2025-12-14T10:09:28.588408,interested,7
U0098,E0078,2026-01-17T10:09:28.588411,going,7
U0098,E0112,2025-12-17T10:09:28.588414,interested,8
U0098,E0019,2025-12-22T10:09:28.588417,going,8
U0098,E0012,2025-12-17T10:09:28.588420,going,7
U0098,E0051,2026-01-02T10:09:28.588423,interested,7
U0098,E0060,2026-01-14T10:09:28.588425,interested,7
U0098,E0066,2026-01-15T10:09:28.588428,going,6
U0098,E0111,2026-01-21T10:09:28.588432,interested,7
U0100,E0112,2026-02-03T10:09:28.589134,going,8
U0100,E0010,2025-12-20T10:09:28.589137,going,8
U0100,E0022,2026-02-10T10:09:28.589140,going,7
U0100,E0103,2026-01-27T10:09:28.589143,going,7
U0100,E0078,2025-12-16T10:09:28.589146,going,7
U0100,E0092,2026-02-09T10:09:28.589148,going,7
U0101,E0112,2026-01-18T10:09:28.589499,going,8
U0101,E0041,2026-01-18T10:09:28.589503,going,7
U0102,E0098,2025-12-20T10:09:28.589840,going,8
U0102,E0054,2026-02-05T10:09:28.589844,interested,7
U0103,E0085,2026-01-04T10:09:28.590250,interested,8
U0103,E0106,2026-01-13T10:09:28.590253,going,8
U0103,E0024,2025-12-16T10:09:28.590256,going,8
U0103,E0038,2026-01-20T10:09:28.590259,going,8
U0103,E0052,2026-01-13T10:09:28.590262,interested,7
U0103,E0062,2026-02-08T10:09:28.590265,interested,8
U0103,E0083,2026-02-04T10:09:28.590268,interested,7
U0103,E0025,2025-12-27T10:09:28.590271,going,7
U0103,E0078,2025-12-18T10:09:28.590274,going,7
U0103,E0064,2026-01-12T10:09:28.590277,going,7
U0103,E0118,2026-01-06T10:09:28.590280,going,7
U0104,E0056,2026-01-30T10:09:28.592326,going,8
U0104,E0106,2025-12-16T10:09:28.592353,going,8
U0104,E0014,2026-02-01T10:09:28.592358,interested,7
U0104,E0034,2026-01-18T10:09:28.592362,interested,8
U0104,E0092,2026-01-08T10:09:28.592365,going,7
U0104,E0086,2026-02-06T10:09:28.592368,interested,7
U0104,E0074,2026-01-12T10:09:28.592371,interested,7
U0104,E0094,2025-12-16T10:09:28.592374,going,7
U0104,E0002,2025-12-28T10:09:28.592377,going,7
U0104,E0035,2026-02-02T10:09:28.592380,going,8
U0104,E0117,2025-12-14T10:09:28.592384,interested,7
U0105,E0110,2026-02-02T10:09:28.593318,going,8
U0105,E0022,2025-12-29T10:09:28.593324,going,7
U0105,E0060,2025-12-31T10:09:28.593327,going,7
U0105,E0103,2026-01-03T10:09:28.593330,going,7
U0105,E0091,2026-01-15T10:09:28.593332,going,7
U0105,E0095,2025-12-16T10:09:28.593335,going,7
U0105,E0112,2025-12-25T10:09:28.593338,going,8
U0106,E0021,2025-12-26T10:09:28.593694,interested,8
U0107,E0010,2025-12-20T10:09:28.594959,interested,8
U0107,E0085,2025-12-13T10:09:28.594964,going,8
U0107,E0021,2026-02-06T10:09:28.594967,going,8
U0108,E0018,2026-02-01T10:09:28.595317,going,8
U0108,E0117,2026-01-31T10:09:28.595320,going,7
U0108,E0074,2026-01-09T10:09:28.595323,going,7
U0108,E0092,2026-01-01T10:09:28.595326,going,7
U0108,E0054,2025-12-24T10:09:28.595329,going,7
U0108,E0058,2026-01-23T10:09:28.595332,interested,8
U0109,E0035,2026-01-17T10:09:28.595931,interested,8
U0109,E0082,2026-01-22T10:09:28.595936,going,7
U0109,E0026,2026-02-09T10:09:28.595939,going,7
U0109,E0074,2025-12-29T10:09:28.595942,going,7
U0109,E0106,2025-12-22T10:09:28.595945,going,8
U0109,E0043,2026-01-01T10:09:28.595948,interested,7
U0109,E0032,2026-01-30T10:09:28.595951,going,7
U0109,E0034,2026-02-03T10:09:28.595953,going,7
U0109,E0014,2026-02-08T10:09:28.595956,going,7
U0109,E0029,2026-02-03T10:09:28.595959,going,8
U0109,E0040,2026-02-06T10:09:28.595967,interested,7
U0109,E0051,2025-12-19T10:09:28.595970,going,7
U0109,E0099,2025-12-23T10:09:28.595973,interested,7
U0109,E0117,2026-01-10T10:09:28.595975,interested,7
U0110,E0012,2026-02-06T10:09:28.596775,going,7
U0110,E0068,2025-12-26T10:09:28.596782,going,7
U0111,E0106,2025-12-23T10:09:28.598254,interested,9
U0111,E0014,2026-01-02T10:09:28.598265,going,8
U0111,E0032,2026-01-19T10:09:28.598268,interested,7
U0111,E0082,2026-01-26T10:09:28.598271,going,7
U0111,E0086,2026-02-07T10:09:28.598275,going,7
U0112,E0042,2026-01-29T10:09:28.598830,going,7
U0112,E0049,2025-12-25T10:09:28.598836,going,7
U0112,E0072,2025-12-28T10:09:28.598839,going,7
U0112,E0067,2025-12-20T10:09:28.598843,going,8
U0112,E0115,2026-01-29T10:09:28.598845,interested,7
U0112,E0112,2026-01-23T10:09:28.598848,interested,8
U0112,E0111,2026-01-13T10:09:28.598851,going,7
U0113,E0019,2025-12-25T10:09:28.599301,interested,7
U0114,E0110,2026-02-06T10:09:28.599795,going,8
U0114,E0022,2026-02-02T10:09:28.599802,interested,7
U0114,E0068,2026-01-03T10:09:28.599805,interested,7
U0114,E0046,2026-01-15T10:09:28.599808,going,7
U0114,E0090,2026-01-12T10:09:28.599811,going,8
U0115,E0018,2026-01-26T10:09:28.600181,going,8
U0115,E0066,2026-01-03T10:09:28.600185,going,7
U0115,E0110,2026-01-11T10:09:28.600188,interested,8
U0115,E0100,2025-12-19T10:09:28.600191,going,7
U0115,E0054,2026-02-04T10:09:28.600194,going,7
U0115,E0098,2026-01-19T10:09:28.600197,interested,7
U0115,E0053,2025-12-17T10:09:28.600200,going,7
U0115,E0056,2026-02-10T10:09:28.600205,going,6
U0115,E0086,2025-12-13T10:09:28.600207,interested,6
U0116,E0004,2025-12-31T10:09:28.600573,going,7
U0116,E0049,2025-12-26T10:09:28.600581,going,7
U0116,E0032,2026-01-02T10:09:28.600584,interested,7
U0117,E0092,2025-12-13T10:09:28.600978,going,7
U0117,E0003,2025-12-27T10:09:28.600983,interested,7
U0117,E0110,2026-01-31T10:09:28.600986,going,8
U0117,E0098,2025-12-27T10:09:28.600989,going,7
U0117,E0035,2026-01-07T10:09:28.600992,going,8
U0117,E0058,2026-01-15T10:09:28.600995,going,8
U0118,E0008,2026-01-23T10:09:28.601501,interested,8
U0119,E0058,2026-01-24T10:09:28.602047,going,9
U0119,E0017,2026-02-09T10:09:28.602054,going,8
U0119,E0093,2025-12-27T10:09:28.602058,going,8
U0119,E0027,2026-01-10T10:09:28.602061,going,7
U0119,E0015,2026-01-04T10:09:28.602064,going,8
U0119,E0059,2026-01-24T10:09:28.602067,going,7
U0120,E0106,2025-12-16T10:09:28.602461,going,8
U0120,E0024,2026-01-17T10:09:28.602465,going,8
U0120,E0063,2026-02-09T10:09:28.602469,going,7
U0120,E0007,2025-12-29T10:09:28.602472,going,7
U0120,E0096,2026-01-15T10:09:28.602475,going,7
U0121,E0112,2026-02-10T10:09:28.602849,going,8
U0121,E0009,2025-12-22T10:09:28.602853,going,7
U0121,E0114,2026-01-20T10:09:28.602856,interested,7
U0121,E0005,2026-01-07T10:09:28.602858,going,7
U0121,E0050,2025-12-18T10:09:28.602861,going,7
U0122,E0105,2026-02-02T10:09:28.603228,going,7
U0122,E0055,2025-12-31T10:09:28.603231,interested,7
U0122,E0042,2026-01-07T10:09:28.603234,going,7
U0122,E0015,2026-01-18T10:09:28.603238,going,8
U0122,E0100,2026-01-10T10:09:28.603241,going,7
U0123,E0035,2026-02-01T10:09:28.603566,going,8
U0123,E0058,2026-02-01T10:09:28.603570,going,8
U0123,E0098,2026-01-20T10:09:28.603572,going,7
U0124,E0018,2025-12-19T10:09:28.603936,going,8
U0124,E0038,2026-02-02T10:09:28.603940,going,8
U0124,E0001,2025-12-29T10:09:28.603943,going,7
U0125,E0072,2026-01-07T10:09:28.604322,going,8
U0125,E0104,2025-12-15T10:09:28.604326,interested,7
U0125,E0062,2025-12-14T10:09:28.604329,interested,8
U0125,E0115,2026-01-20T10:09:28.604332,going,7
U0125,E0004,2026-02-02T10:09:28.604335,going,7
U0125,E0064,2026-01-04T10:09:28.604338,interested,7
U0125,E0113,2025-12-24T10:09:28.604341,going,7
U0126,E0098,2025-12-25T10:09:28.604675,interested,7
U0126,E0032,2026-01-09T10:09:28.604679,going,8
U0126,E0014,2025-12-16T10:09:28.604682,interested,7
U0127,E0010,2026-01-06T10:09:28.605309,going,8
U0127,E0031,2026-01-22T10:09:28.605341,interested,7
U0128,E0011,2026-01-05T10:09:28.605835,going,8
U0128,E0080,2025-12-15T10:09:28.605840,interested,7
U0128,E0102,2026-01-20T10:09:28.605843,going,7
U0129,E0046,2026-01-31T10:09:28.606188,going,7
U0129,E0079,2026-01-30T10:09:28.606192,interested,7
U0130,E0053,2026-01-14T10:09:28.606546,going,8
U0130,E0066,2026-01-11T10:09:28.606550,interested,8
U0130,E0037,2025-12-18T10:09:28.606553,interested,7
U0130,E0043,2026-02-04T10:09:28.606556,going,7
U0130,E0056,2026-01-06T10:09:28.606558,interested,8
U0131,E0109,2026-01-11T10:09:28.606900,going,7
U0131,E0114,2026-01-13T10:09:28.606903,going,7
U0131,E0061,2026-01-28T10:09:28.606906,going,7
U0131,E0118,2025-12-20T10:09:28.606909,interested,7
U0131,E0038,2026-01-11T10:09:28.606912,going,3
U0131,E0024,2025-12-22T10:09:28.606915,going,3
U0131,E0084,2026-01-06T10:09:28.606918,going,2
U0132,E0015,2026-02-01T10:09:28.607268,going,8
U0132,E0008,2025-12-29T10:09:28.607273,going,9
U0132,E0097,2026-02-06T10:09:28.607276,interested,7
U0132,E0101,2025-12-26T10:09:28.607279,going,7
U0132,E0039,2026-02-03T10:09:28.607282,interested,7
U0132,E0000,2026-01-11T10:09:28.607285,going,7
U0133,E0075,2026-01-27T10:09:28.607617,interested,8
U0133,E0017,2026-01-18T10:09:28.607621,going,8
U0133,E0094,2026-02-10T10:09:28.607624,going,7
U0133,E0020,2026-01-06T10:09:28.607627,interested,7
U0133,E0115,2026-01-05T10:09:28.607630,interested,8
U0133,E0105,2026-01-16T10:09:28.607634,going,7
U0133,E0055,2026-02-07T10:09:28.607639,going,7
U0134,E0019,2026-02-10T10:09:28.608283,interested,8
U0134,E0030,2026-01-02T10:09:28.608293,going,7
U0134,E0078,2025-12-31T10:09:28.608297,going,7
U0135,E0115,2026-01-13T10:09:28.608653,interested,7
U0135,E0020,2026-01-24T10:09:28.608657,going,7
U0136,E0106,2025-12-15T10:09:28.609061,going,8
U0136,E0024,2026-02-05T10:09:28.609067,interested,7
U0136,E0032,2025-12-24T10:09:28.609070,going,7
U0136,E0011,2026-01-23T10:09:28.609073,interested,8
U0136,E0116,2025-12-25T10:09:28.609076,going,7
U0136,E0102,2025-12-20T10:09:28.609079,going,7
U0137,E0058,2026-01-21T10:09:28.624829,going,8
U0137,E0113,2026-01-15T10:09:28.624853,interested,7
U0138,E0008,2025-12-14T10:09:28.625212,going,8
U0138,E0116,2026-01-21T10:09:28.625215,going,7
U0138,E0026,2025-12-24T10:09:28.625219,going,7
U0138,E0087,2025-12-20T10:09:28.625221,interested,7
U0138,E0102,2025-12-13T10:09:28.625224,interested,7
U0140,E0071,2026-02-01T10:09:28.625968,interested,7
U0140,E0057,2026-02-05T10:09:28.625986,interested,7
U0140,E0019,2026-01-16T10:09:28.625991,going,7
U0141,E0011,2026-01-14T10:09:28.626995,going,9
U0141,E0080,2026-01-31T10:09:28.627023,going,8
U0142,E0010,2025-12-30T10:09:28.627695,going,8
U0142,E0038,2026-02-09T10:09:28.627720,going,8
U0142,E0019,2025-12-18T10:09:28.627727,interested,7
U0142,E0024,2025-12-25T10:09:28.627732,going,8
U0143,E0010,2026-01-31T10:09:28.628661,going,8
U0143,E0080,2026-01-27T10:09:28.628687,going,8
U0143,E0021,2026-01-22T10:09:28.628694,going,8
U0143,E0110,2026-01-17T10:09:28.628699,going,8
U0143,E0035,2026-01-18T10:09:28.628705,going,8
U0143,E0054,2026-01-06T10:09:28.628710,interested,8
U0143,E0067,2026-01-01T10:09:28.628715,going,8
U0144,E0015,2025-12-18T10:09:28.629292,going,8
U0144,E0021,2026-01-21T10:09:28.629301,going,8
U0144,E0110,2026-01-30T10:09:28.629306,going,8
U0144,E0017,2025-12-21T10:09:28.629311,interested,8
U0144,E0094,2026-01-20T10:09:28.629316,going,7
U0144,E0072,2025-12-26T10:09:28.629321,going,7
U0146,E0006,2026-01-16T10:09:28.630333,going,7
U0146,E0046,2025-12-31T10:09:28.630341,going,7
U0147,E0100,2025-12-18T10:09:28.630851,interested,8
U0147,E0018,2025-12-31T10:09:28.630856,going,8
U0148,E0056,2026-01-20T10:09:28.631389,going,8
U0148,E0116,2026-01-21T10:09:28.631398,going,7
U0148,E0008,2025-12-24T10:09:28.631402,going,8
U0148,E0026,2026-01-10T10:09:28.631405,going,7
U0148,E0099,2026-01-22T10:09:28.631408,going,7
U0148,E0035,2026-02-10T10:09:28.631411,going,8
U0149,E0110,2025-12-30T10:09:28.632017,going,8
U0149,E0106,2025-12-26T10:09:28.632022,going,8
U0149,E0035,2026-01-13T10:09:28.632025,interested,8
U0149,E0021,2025-12-13T10:09:28.632028,going,8
U0149,E0057,2025-12-20T10:09:28.632031,going,7
U0149,E0036,2026-01-16T10:09:28.632034,going,7
U0149,E0023,2026-01-05T10:09:28.632037,going,7
