event_id,name,artist_ids,art_forms,genres,language,city,venue,style,mood_tags,festival,festivals,event_type,date,capacity,ticket_price,status
E0000,Celebration of Chathurika Wijesinghe,['A0036'],['music'],['sad_songs'],['english'],batticaloa,Colombo University Arts Theatre,['contemporary'],"['rebel', 'reflective']",,[],competition,2026-04-10T10:41:41.128038,100,3000,upcoming
E0001,Celebration of Thisara Bandara,['A0078'],['dance'],['tango'],['sinhala'],kandy,Bentota Beach Resort,['contemporary'],"['political_intensity', 'angry']",,[],workshop,2026-03-22T10:41:41.128058,50,500,upcoming
E0002,Evening with Chitral Somapala,['A0040'],['drama'],"['romance_series', 'crime_series', 'physical_theatre', 'immersive_theatre']","['english', 'sinhala']",ratnapura,Paradise Road Gallery,"['contemporary', 'fusion']","['heroic', 'devotional']",,[],exhibition,2026-05-11T10:41:41.128073,1000,3000,upcoming
E0003,Evening with Mohan Senanayake,['A0056'],['film'],"['military_themes', 'romantic_drama']",['tamil'],kilinochchi,Maharagama Youth Centre,['contemporary'],"['emotional', 'romantic']",,[],competition,2026-08-01T10:41:41.128085,1000,1500,upcoming
E0004,Live Upeka,['A0002'],['film'],['biographical'],['sinhala'],panadura,Viharamahadevi Park Open Air Theatre,['contemporary'],"['energetic', 'urban_street', 'rebel']",,[],competition,2026-05-03T10:41:41.128095,2000,1000,upcoming
E0005,Live Gayan Selvam,['A0050'],['drama'],"['romance_series', 'family_drama']",['english'],jaffna,Galle Face Green,['contemporary'],['peaceful'],,[],concert,2026-03-20T10:41:41.128106,500,2000,upcoming
E0006,Night of Gayan Selvam,['A0050'],['drama'],"['romance_series', 'family_drama']",['english'],jaffna,Waters Edge,['contemporary'],['peaceful'],,[],ritual_ceremony,2026-03-25T10:41:41.128116,50,1000,upcoming
E0007,Evening with Ruwan Rathnayake,['A0049'],['music'],"['acoustic_pop', 'ballads']","['english', 'sinhala']",kegalle,Navarangahala (Borella),['contemporary'],"['spiritual', 'suspenseful', 'reflective']",,[],performance,2026-05-06T10:41:41.128127,2000,1000,upcoming
E0008,Esala Perahera - Ravibandu Vidyapathi,"['A0016', 'A0067']","['music', 'dance']","['background_scores', 'interpretative', 'raban_music', 'locking', 'kpop_cover']","['english', 'sinhala']",kandy,Kandy Lake Club,"['contemporary', 'traditional']","['political_awareness', 'romantic', 'intense']",esala_perahera,['esala_perahera'],concert,2026-05-26T10:41:41.128140,500,500,upcoming
E0009,Evening with Dilshan Gunasekara,"['A0069', 'A0034', 'A0070']","['film', 'dance']","['colonial_era', 'bharatanatyam', 'romantic_drama', 'biographical', 'romantic_comedy']","['tamil', 'sinhala']",negombo,Sapumal Foundation,"['traditional', 'contemporary']","['energetic', 'rebel', 'urban_street']",,[],performance,2026-07-20T10:41:41.128158,100,2000,upcoming
E0010,Celebration of Chaminda Herath,"['A0081', 'A0072']",['music'],"['party_baila', 'background_scores']","['english', 'sinhala']",batticaloa,National Museum Auditorium,['contemporary'],"['energetic', 'party', 'spiritual_trance']",,[],festival,2026-08-14T10:41:41.128170,2000,1000,upcoming
E0011,Celebration of Nimesh Jayawardena,"['A0061', 'A0069', 'A0029']","['drama', 'dance']","['romance_series', 'crime_series', 'bharatanatyam', 'ceremonial_dances']","['english', 'sinhala']",polonnaruwa,Gangaramaya Temple Grounds,"['contemporary', 'traditional']","['energetic', 'meditative', 'reflective']",,[],workshop,2026-06-17T10:41:41.128182,200,500,upcoming
E0012,Thai Pongal - Vijay Kumar,['A0066'],['film'],['social_realism'],['tamil'],jaffna,Viharamahadevi Park Open Air Theatre,['contemporary'],"['heroic', 'spiritual_trance', 'rebel']",thai_pongal,['thai_pongal'],exhibition,2026-07-07T10:41:41.128193,500,500,upcoming
E0013,Celebration of Lakshman Selvam,['A0055'],['drama'],"['physical_theatre', 'social_drama', 'immersive_theatre']",['english'],puttalam,Regal Theatre (Colombo),"['contemporary', 'fusion']","['national_pride', 'traditional', 'dramatic_ballad']",,[],festival,2026-05-02T10:41:41.128204,50,1000,upcoming
E0014,Evening with Ayesha Selvam,['A0071'],['film'],"['civil_war_themes', 'police_procedural']",['english'],galle,National Museum Auditorium,['contemporary'],"['serious', 'party']",,[],workshop,2026-05-06T10:41:41.128214,100,3000,upcoming
E0015,Celebration of Neela Wickremasinghe,"['A0028', 'A0033']","['drama', 'dance']","['bharatanatyam', 'political_theatre', 'pantheru', 'naiyandi']","['english', 'sinhala']",matale,Gangaramaya Temple Grounds,"['traditional', 'contemporary']","['dramatic_ballad', 'rhythmic', 'fusion_energy']",,[],workshop,2026-07-14T10:41:41.128226,1000,3000,upcoming
E0016,Poson - Thilini Amarasinghe,['A0095'],['drama'],['sokari'],['sinhala'],matale,Colombo Racecourse,['traditional'],"['dramatic', 'historical_nostalgia']",poson,['poson'],ritual_ceremony,2026-03-21T10:41:41.128237,100,0,upcoming
E0017,Evening with Chaminda Herath,['A0081'],['music'],['party_baila'],['english'],batticaloa,Colombo University Arts Theatre,['contemporary'],"['energetic', 'party', 'celebratory']",,[],festival,2026-06-27T10:41:41.128247,200,1000,upcoming
E0018,Live Upeka,['A0002'],['film'],['biographical'],['sinhala'],panadura,University of Peradeniya Open Air Theatre,['contemporary'],"['energetic', 'urban_street', 'rebel']",,[],concert,2026-07-18T10:41:41.128256,50,500,upcoming
E0019,Night of Ravibandu Vidyapathi,['A0016'],['dance'],"['interpretative', 'locking', 'kpop_cover']","['english', 'sinhala']",kandy,Sapumal Foundation,['contemporary'],"['romantic', 'joyful']",,[],competition,2026-03-06T10:41:41.128268,100,0,upcoming
E0020,Evening with Hashini Samaraweera,['A0027'],['music'],['modern_baila'],['english'],panadura,Ladies' College Auditorium,['contemporary'],"['energetic', 'party', 'celebratory']",,[],workshop,2026-05-22T10:41:41.128278,500,1000,upcoming
E0021,Evening with Lakshmi Wickremasinghe,"['A0004', 'A0042']","['film', 'dance']","['colonial_era', 'ves_dance', 'uddekki', 'ancient_sri_lanka']","['tamil', 'sinhala']",trincomalee,Gangaramaya Temple Grounds,"['contemporary', 'traditional']","['patriotic', 'serious', 'rhythmic']",,[],ritual_ceremony,2026-04-10T10:41:41.128289,50,1000,upcoming
E0022,Live Sanduni Nadarajah,['A0060'],['film'],"['ancient_sri_lanka', 'biographical', 'romantic_comedy']","['english', 'sinhala']",kandy,Jaffna Public Library Hall,['contemporary'],"['energetic', 'urban_street', 'rebel']",,[],performance,2026-05-07T10:41:41.128299,500,0,upcoming
E0023,Live Ruwan Kumar,"['A0091', 'A0031', 'A0049']","['film', 'music', 'dance']","['acoustic_pop', 'ballads', 'theatrical_dance', 'police_procedural', 'crime_drama', 'harvest_dances', 'village_festival_dances']","['english', 'sinhala']",jaffna,Sapumal Foundation,['contemporary'],"['psychological', 'spiritual', 'political_intensity']",,[],performance,2026-03-12T10:41:41.128313,100,1500,upcoming
E0024,Live Kavinda Liyanage,['A0026'],['music'],"['sad_songs', 'party_baila', 'ballads', 'modern_baila']",['sinhala'],matale,Kelaniya Raja Maha Vihara,['contemporary'],"['energetic', 'party', 'celebratory']",,[],workshop,2026-05-22T10:41:41.128323,200,500,upcoming
E0025,Live Dinesh Dissanayake,"['A0070', 'A0066']",['film'],"['colonial_era', 'social_realism']","['tamil', 'sinhala']",matale,Independence Square,['contemporary'],"['heroic', 'rebel', 'spiritual_trance']",,[],exhibition,2026-05-19T10:41:41.128335,100,1000,upcoming
E0026,Night of Hashini Samaraweera,"['A0027', 'A0014']",['music'],"['sinhala_rap', 'modern_baila']",['english'],panadura,Tower Hall Theatre,['contemporary'],"['energetic', 'party', 'rebel']",,[],competition,2026-06-23T10:41:41.128346,200,0,upcoming
E0027,Thai Pongal - Ragavan Wickremasinghe,"['A0074', 'A0015']",['dance'],"['sanni_yakuma', 'ritual_based', 'drum_centered', 'kolam_dance', 'cha_cha']",['tamil'],jaffna,Cinnamon Grand Ballroom,['contemporary'],"['romantic_longing', 'sad']",thai_pongal,['thai_pongal'],ritual_ceremony,2026-07-30T10:41:41.128357,2000,500,upcoming
E0028,Esala Perahera - Nalaka Weerasinghe,"['A0019', 'A0047']","['film', 'dance']","['supernatural_horror', 'ves_dance', 'avant_garde']","['english', 'sinhala']",chilaw,Gangaramaya Temple Grounds,"['contemporary', 'fusion', 'traditional']","['peaceful', 'suspense', 'graceful']",esala_perahera,['esala_perahera'],performance,2026-08-09T10:41:41.128370,200,1000,upcoming
E0029,Evening with Sachini Sivarajah,['A0045'],['music'],"['drill', 'sinhala_rap', 'film_songs']","['english', 'sinhala']",anuradhapura,Paradise Road Gallery,['contemporary'],"['energetic', 'urban_street', 'rebel']",,[],performance,2026-07-19T10:41:41.128381,50,500,upcoming
E0030,Night of Ayesha Selvam,['A0071'],['film'],"['civil_war_themes', 'police_procedural']",['english'],galle,Paradise Road Gallery,['contemporary'],"['serious', 'party']",,[],ritual_ceremony,2026-05-31T10:41:41.128390,500,3000,upcoming
E0031,Evening with Vasanthi Rathnayake,['A0048'],['drama'],"['stage_musicals', 'opera']",['tamil'],trincomalee,Sugathadasa Indoor Stadium,['contemporary'],['war_tension'],,[],competition,2026-04-07T10:41:41.128400,200,0,upcoming
E0032,Celebration of Ayesha Selvam,"['A0071', 'A0037']","['film', 'drama']","['civil_war_themes', 'literary_adaptation', 'police_procedural']","['tamil', 'english']",galle,Colombo Racecourse,['contemporary'],"['celebratory', 'serious', 'party']",,[],competition,2026-07-27T10:41:41.128411,100,2000,upcoming
E0033,Live Danushka Rajapaksa,['A0059'],['drama'],['historical_series'],['english'],kilinochchi,Lumbini Theatre (Havelock Town),['contemporary'],"['reflective', 'psychological', 'religious_reverence']",,[],ritual_ceremony,2026-08-04T10:41:41.128421,1000,500,upcoming
E0034,Evening with Buddhika Gunasekara,['A0057'],['drama'],"['stage_musicals', 'opera']",['sinhala'],colombo,Regal Theatre (Colombo),['contemporary'],"['dark', 'reflective']",,[],ritual_ceremony,2026-05-10T10:41:41.128430,1000,1000,upcoming
E0035,Celebration of Chaminda Herath,['A0081'],['music'],['party_baila'],['english'],batticaloa,Diyatha Uyana,['contemporary'],"['energetic', 'party', 'celebratory']",,[],workshop,2026-04-20T10:41:41.128449,50,2000,upcoming
E0036,Evening with Angeline Gunathilaka,"['A0030', 'A0041']",['dance'],"['wedding_dances', 'ceremonial_dances', 'pantheru', 'ves_dance']","['english', 'sinhala']",panadura,Colombo Hilton Grand Ballroom,"['contemporary', 'traditional']","['spiritual', 'emotional', 'tense']",,[],competition,2026-06-11T10:41:41.128461,100,2000,upcoming
E0037,Live Nalaka Weerasinghe,"['A0019', 'A0078']","['film', 'dance']","['supernatural_horror', 'tango', 'avant_garde']","['english', 'sinhala']",chilaw,Regal Theatre (Colombo),"['contemporary', 'fusion']","['angry', 'peaceful', 'political_intensity']",,[],exhibition,2026-06-16T10:41:41.128472,2000,1000,upcoming
E0038,Night of Ruwan Gunasekara,['A0084'],['drama'],"['physical_theatre', 'immersive_theatre']",['english'],ampara,Colombo Hilton Grand Ballroom,"['contemporary', 'fusion']","['heartbreak', 'tense', 'thriller_tension']",,[],concert,2026-04-06T10:41:41.128482,100,0,upcoming
E0039,Evening with Vindya Jayawardena,['A0024'],['music'],"['drill', 'classical_fusion', 'sinhala_rap', 'ethnic_electronic']","['english', 'sinhala']",galle,Galle Face Green,"['contemporary', 'fusion']","['energetic', 'urban_street', 'rebel']",,[],concert,2026-07-28T10:41:41.128491,2000,1500,upcoming
E0040,Live Kamala Jayasuriya,['A0089'],['film'],"['colonial_era', 'ancient_sri_lanka']",['tamil'],kilinochchi,Mount Lavinia Hotel Ballroom,['contemporary'],"['emotional', 'satirical']",,[],exhibition,2026-03-16T10:41:41.128501,200,500,upcoming
E0041,Live Kavinda Liyanage,['A0026'],['music'],"['sad_songs', 'party_baila', 'ballads', 'modern_baila']",['sinhala'],matale,Paradise Road Gallery,['contemporary'],"['energetic', 'party', 'celebratory']",,[],workshop,2026-03-24T10:41:41.128524,500,3000,upcoming
E0042,Live Thilini Amarasinghe,['A0095'],['drama'],['sokari'],['sinhala'],matale,Galadari Hotel Ballroom,['traditional'],"['dramatic', 'historical_nostalgia']",,[],ritual_ceremony,2026-03-18T10:41:41.128534,1000,1000,upcoming
E0043,Esala Perahera - Nimesh Ekanayake,"['A0038', 'A0009']","['film', 'drama']","['social_justice', 'literary_adaptation', 'kolam_theatre', 'political_theatre', 'sokari']","['english', 'sinhala']",jaffna,Anuradhapura Cultural Centre,"['traditional', 'contemporary']","['romantic', 'melancholic', 'suspense']",esala_perahera,['esala_perahera'],festival,2026-07-18T10:41:41.128546,500,0,upcoming
E0044,Evening with Ruwan Gunasekara,['A0084'],['drama'],"['physical_theatre', 'immersive_theatre']",['english'],ampara,Tower Hall Theatre,"['contemporary', 'fusion']","['heartbreak', 'tense', 'thriller_tension']",,[],festival,2026-08-11T10:41:41.128557,100,1000,upcoming
E0045,Evening with Sachini Gunasekara,"['A0098', 'A0081']","['film', 'music']","['party_baila', 'hindu_mythology', 'avant_garde']","['english', 'sinhala']",matale,Bentota Beach Resort,"['contemporary', 'fusion']","['energetic', 'dramatic', 'party']",,[],exhibition,2026-08-23T10:41:41.128569,500,3000,upcoming
E0046,Evening with Amila De Silva,"['A0021', 'A0023']",['dance'],"['wedding_dances', 'ritual_based', 'drum_centered', 'village_festival_dances', 'new_year_dances', 'ves_dance']","['tamil', 'sinhala']",nuwara_eliya,Galle International Cricket Stadium,"['traditional', 'contemporary']","['spiritual', 'meditative', 'sacred']",,[],workshop,2026-08-19T10:41:41.128580,100,2000,upcoming
E0047,Night of Chitral Somapala,"['A0040', 'A0070', 'A0041']","['film', 'drama', 'dance']","['colonial_era', 'romance_series', 'physical_theatre', 'ves_dance', 'crime_series', 'pantheru', 'immersive_theatre']","['english', 'sinhala']",ratnapura,Maharagama Youth Centre,"['contemporary', 'fusion', 'traditional']","['heroic', 'devotional', 'emotional']",,[],workshop,2026-06-22T10:41:41.128593,2000,1000,upcoming
E0048,Celebration of Hashini Samaraweera,['A0027'],['music'],['modern_baila'],['english'],panadura,Temple Trees Grounds,['contemporary'],"['energetic', 'party', 'celebratory']",,[],ritual_ceremony,2026-07-22T10:41:41.128603,2000,1000,upcoming
E0049,Night of Buddhika Gunasekara,"['A0057', 'A0050', 'A0000']","['film', 'drama']","['colonial_era', 'romance_series', 'stage_musicals', 'biographical', 'opera', 'family_drama']","['english', 'sinhala']",colombo,Nelum Pokuna Theatre,['contemporary'],"['energetic', 'dark', 'peaceful']",,[],exhibition,2026-08-03T10:41:41.128615,50,2000,upcoming
E0050,Night of Nimesh Ekanayake,"['A0038', 'A0000', 'A0028']","['film', 'drama', 'dance']","['literary_adaptation', 'colonial_era', 'kolam_theatre', 'bharatanatyam', 'naiyandi', 'biographical', 'political_theatre', 'sokari', 'pantheru']","['english', 'sinhala']",jaffna,Anuradhapura Cultural Centre,"['traditional', 'contemporary']","['energetic', 'romantic', 'rebel']",,[],ritual_ceremony,2026-05-13T10:41:41.128633,1000,2000,upcoming
E0051,Night of Angelo Jayawardena,['A0058'],['film'],"['romantic_commercial', 'comedy_commercial']",['sinhala'],ambalangoda,Sugathadasa Indoor Stadium,['contemporary'],"['emotional', 'romantic']",,[],performance,2026-04-08T10:41:41.128643,200,1000,upcoming
E0052,Celebration of Nimesh Ekanayake,['A0038'],['drama'],"['literary_adaptation', 'sokari', 'political_theatre', 'kolam_theatre']",['sinhala'],jaffna,Gangaramaya Temple Grounds,['traditional'],['romantic'],,[],festival,2026-04-28T10:41:41.128653,2000,0,upcoming
E0053,Celebration of Dilini Silva,"['A0022', 'A0062']","['film', 'music']","['civil_war_narratives', 'folk_fusion']","['english', 'sinhala']",kandy,Bentota Beach Resort,"['contemporary', 'fusion']","['suspenseful', 'inspirational_biographical', 'rhythmic']",,[],ritual_ceremony,2026-03-28T10:41:41.128664,1000,3000,upcoming
E0054,Evening with Shehan Gunawardena,['A0073'],['music'],"['alternative_rock', 'film_songs', 'metal']","['english', 'sinhala']",ambalangoda,Temple Trees Grounds,['contemporary'],"['urban_street', 'ceremonial']",,[],concert,2026-03-18T10:41:41.128674,200,1000,upcoming
E0055,Evening with Kavitha Fernando,['A0015'],['dance'],"['kolam_dance', 'sanni_yakuma']",['tamil'],galle,Elphinstone Theatre,['contemporary'],['sad'],,[],competition,2026-08-05T10:41:41.128684,50,3000,upcoming
E0056,Night of Dinesh Fernando,['A0067'],['music'],"['background_scores', 'raban_music']",['sinhala'],ratnapura,Nelum Pokuna Theatre,['traditional'],"['political_awareness', 'rural_village', 'intense']",,[],exhibition,2026-04-11T10:41:41.128694,200,2000,upcoming
E0057,Live Nadeesha Jayawardena,['A0086'],['drama'],['crime_series'],['sinhala'],puttalam,Cinnamon Grand Ballroom,['contemporary'],['meditative'],,[],workshop,2026-08-03T10:41:41.128703,1000,2000,upcoming
E0058,Thai Pongal - Premasiri Khemadasa,['A0037'],['drama'],['literary_adaptation'],['tamil'],kilinochchi,Cinnamon Grand Ballroom,['contemporary'],"['celebratory', 'melancholic']",thai_pongal,['thai_pongal'],performance,2026-07-03T10:41:41.128713,1000,1000,upcoming
E0059,Night of Madhavi Pathirana,['A0051'],['music'],"['sinhala_classical', 'virindu', 'harvest_songs']",['sinhala'],ratnapura,Punchi Theatre (Borella),['traditional'],"['political_awareness', 'social_critique', 'uplifting']",,[],concert,2026-06-23T10:41:41.128723,2000,500,upcoming
E0060,Night of Nalaka Dissanayake,['A0025'],['film'],"['romantic_commercial', 'comedy_commercial']",['sinhala'],hambantota,Dalada Maligawa (Temple of the Tooth),['contemporary'],"['emotional', 'romantic']",,[],workshop,2026-08-17T10:41:41.128733,1000,500,upcoming
E0061,Evening with Kavitha Weerasinghe,['A0034'],['film'],"['romantic_drama', 'colonial_era', 'biographical', 'romantic_comedy']",['tamil'],jaffna,National Museum Auditorium,['contemporary'],"['energetic', 'urban_street', 'rebel']",,[],exhibition,2026-07-29T10:41:41.128744,50,0,upcoming
E0062,Night of Lakshman Gunasekara,['A0044'],['drama'],['sokari'],['sinhala'],badulla,Galle Fort Gateway,['traditional'],['festive'],,[],exhibition,2026-08-18T10:41:41.128753,50,1000,upcoming
E0063,Celebration of Thisara Bandara,"['A0078', 'A0056', 'A0079']","['film', 'dance']","['military_themes', 'tango', 'romantic_drama', 'breaking', 'kpop_cover']","['english', 'tamil', 'sinhala']",kandy,University of Peradeniya Open Air Theatre,['contemporary'],"['emotional', 'romantic', 'political_intensity']",,[],workshop,2026-03-15T10:41:41.128765,100,500,upcoming
E0064,Celebration of Gayan Rathnayake,['A0093'],['music'],['buddhist_devotional'],['sinhala'],trincomalee,Gangaramaya Temple Grounds,['traditional'],"['spiritual', 'devotional']",,[],concert,2026-05-05T10:41:41.128775,1000,500,upcoming
E0065,Celebration of Anusha Kumara,['A0088'],['music'],"['alternative_rock', 'sinhala_rap', 'tamil_rock']",['sinhala'],ampara,Independence Square,['contemporary'],"['energetic', 'urban_street', 'rebel']",,[],exhibition,2026-06-27T10:41:41.128785,500,0,upcoming
E0066,Evening with Lasith Dissanayake,['A0068'],['drama'],"['family_drama', 'romance_series', 'immersive_theatre']",['sinhala'],gampaha,Anuradhapura Cultural Centre,"['contemporary', 'fusion']",['dramatic_ballad'],,[],performance,2026-07-21T10:41:41.128795,1000,1000,upcoming
E0067,Live Hiruni Wijesinghe,"['A0018', 'A0088']","['music', 'drama']","['alternative_rock', 'sinhala_rap', 'tamil_rock', 'physical_theatre', 'immersive_theatre']","['english', 'sinhala']",negombo,Lionel Wendt Theatre,"['contemporary', 'fusion']","['urban_street', 'energetic', 'dramatic_ballad']",,[],workshop,2026-07-31T10:41:41.128806,2000,2000,upcoming
E0068,Evening with W.D. Amaradeva,['A0007'],['dance'],['hip_hop_dance'],"['english', 'sinhala']",chilaw,Regal Theatre (Colombo),['contemporary'],"['energetic', 'urban_street', 'rebel']",,[],performance,2026-08-09T10:41:41.128816,200,0,upcoming
E0069,Celebration of Nadeesha Herath,"['A0001', 'A0008']","['music', 'drama']","['party_baila', 'traditional_baila', 'immersive_theatre']","['english', 'sinhala']",nuwara_eliya,Temple Trees Grounds,"['contemporary', 'fusion']","['energetic', 'religious_reverence', 'party']",,[],competition,2026-05-12T10:41:41.128826,2000,3000,upcoming
E0070,Thai Pongal - Upeka,"['A0002', 'A0037']","['film', 'drama']","['literary_adaptation', 'biographical']","['tamil', 'sinhala']",panadura,Paradise Road Gallery,['contemporary'],"['energetic', 'rebel', 'urban_street']",thai_pongal,['thai_pongal'],workshop,2026-07-12T10:41:41.128840,2000,0,upcoming
E0071,Live Lasith Sivarajah,"['A0062', 'A0076', 'A0068']","['film', 'drama']","['literary_adaptation', 'family_drama', 'romance_series', 'stage_musicals', 'civil_war_narratives', 'political_theatre', 'opera', 'immersive_theatre']","['english', 'sinhala']",ratnapura,Gangaramaya Temple Grounds,"['contemporary', 'fusion']","['rhythmic', 'inspirational_biographical', 'suspenseful']",,[],performance,2026-04-23T10:41:41.128853,1000,1500,upcoming
E0072,Celebration of Dinesh Fernando,['A0067'],['music'],"['background_scores', 'raban_music']",['sinhala'],ratnapura,Navarangahala (Borella),['traditional'],"['political_awareness', 'rural_village', 'intense']",,[],exhibition,2026-04-13T10:41:41.128863,50,1000,upcoming
E0073,Esala Perahera - Nimesh Ekanayake,['A0038'],['drama'],"['literary_adaptation', 'sokari', 'political_theatre', 'kolam_theatre']",['sinhala'],jaffna,Tower Hall Theatre,['traditional'],['romantic'],esala_perahera,['esala_perahera'],festival,2026-08-11T10:41:41.128873,200,500,upcoming
E0074,Night of Samanthi Herath,"['A0003', 'A0071']",['film'],"['colonial_era', 'police_procedural', 'supernatural_horror', 'biographical', 'civil_war_themes']","['english', 'sinhala']",ratnapura,Lumbini Theatre (Havelock Town),['contemporary'],"['serious', 'energetic', 'party']",,[],performance,2026-04-11T10:41:41.128893,200,1500,upcoming
E0075,Night of Vasanthi Rathnayake,['A0048'],['drama'],"['stage_musicals', 'opera']",['tamil'],trincomalee,Waters Edge,['contemporary'],['war_tension'],,[],competition,2026-08-07T10:41:41.128903,2000,3000,upcoming
E0076,Evening with Shehan Gunawardena,['A0073'],['music'],"['alternative_rock', 'film_songs', 'metal']","['english', 'sinhala']",ambalangoda,University of Peradeniya Open Air Theatre,['contemporary'],"['urban_street', 'ceremonial']",,[],workshop,2026-05-22T10:41:41.128912,1000,1000,upcoming
E0077,Night of Kavinda Liyanage,['A0026'],['music'],"['sad_songs', 'party_baila', 'ballads', 'modern_baila']",['sinhala'],matale,Paradise Road Gallery,['contemporary'],"['energetic', 'party', 'celebratory']",,[],performance,2026-07-30T10:41:41.128923,1000,3000,upcoming
E0078,Night of Dharmadasa Walpola,"['A0039', 'A0088']",['music'],"['sad_songs', 'alternative_rock', 'sinhala_rap', 'tamil_rock']","['tamil', 'sinhala']",trincomalee,Waters Edge,['contemporary'],"['urban_street', 'energetic', 'emotional']",,[],performance,2026-04-10T10:41:41.128934,2000,2000,upcoming
E0079,Night of Ayesha Selvam,['A0071'],['film'],"['civil_war_themes', 'police_procedural']",['english'],galle,Colombo Racecourse,['contemporary'],"['serious', 'party']",,[],competition,2026-04-03T10:41:41.128943,100,1000,upcoming
E0080,Celebration of Dilini Samaraweera,"['A0097', 'A0040']","['drama', 'dance']","['romance_series', 'sri_lankan_contemporary', 'physical_theatre', 'crime_series', 'immersive_theatre']","['english', 'sinhala']",trincomalee,Galadari Hotel Ballroom,"['contemporary', 'fusion']","['heroic', 'tense', 'devotional']",,[],workshop,2026-05-20T10:41:41.128955,500,3000,upcoming
E0081,Celebration of Vindya Jayawardena,['A0024'],['music'],"['drill', 'classical_fusion', 'sinhala_rap', 'ethnic_electronic']","['english', 'sinhala']",galle,Galle Face Green,"['contemporary', 'fusion']","['energetic', 'urban_street', 'rebel']",,[],performance,2026-04-20T10:41:41.128967,50,2000,upcoming
E0082,Celebration of Thisara Bandara,"['A0078', 'A0029']","['drama', 'dance']","['crime_series', 'romance_series', 'tango']",['sinhala'],kandy,Cinnamon Lakeside Ballroom,['contemporary'],"['meditative', 'political_intensity', 'angry']",,[],performance,2026-05-02T10:41:41.128978,2000,0,upcoming
E0083,Celebration of Malsha Gunawardena,['A0099'],['film'],['police_procedural'],"['english', 'sinhala']",kurunegala,Kelaniya Raja Maha Vihara,['contemporary'],"['tragic', 'tense', 'rural_village']",,[],performance,2026-07-10T10:41:41.128987,1000,1500,upcoming
E0084,Night of Ruwan Rathnayake,['A0049'],['music'],"['acoustic_pop', 'ballads']","['english', 'sinhala']",kegalle,Dalada Maligawa (Temple of the Tooth),['contemporary'],"['spiritual', 'suspenseful', 'reflective']",,[],workshop,2026-04-08T10:41:41.128997,100,500,upcoming
E0085,Night of Dilini Samaraweera,['A0097'],['dance'],['sri_lankan_contemporary'],"['english', 'sinhala']",trincomalee,Bishop's College Auditorium,['contemporary'],['tense'],,[],exhibition,2026-06-17T10:41:41.129006,100,3000,upcoming
E0086,Celebration of Tharindu De Silva,"['A0008', 'A0022']",['music'],"['party_baila', 'folk_fusion', 'traditional_baila']","['english', 'sinhala']",jaffna,Sapumal Foundation,"['contemporary', 'fusion']","['energetic', 'party', 'ritualistic']",,[],ritual_ceremony,2026-08-08T10:41:41.129017,500,3000,upcoming
E0087,Evening with Kasun Gunawardena,"['A0031', 'A0054']","['film', 'dance']","['interpretative', 'devil_dance', 'police_procedural', 'crime_drama']","['english', 'sinhala']",mannar,Cinnamon Grand Ballroom,['contemporary'],"['serious', 'political_intensity', 'satirical']",,[],ritual_ceremony,2026-03-14T10:41:41.129028,1000,3000,upcoming
E0088,Live Gayan Selvam,"['A0050', 'A0078']","['drama', 'dance']","['romance_series', 'tango', 'family_drama']","['english', 'sinhala']",jaffna,Bentota Beach Resort,['contemporary'],"['peaceful', 'political_intensity', 'angry']",,[],festival,2026-07-19T10:41:41.129039,1000,1000,upcoming
E0089,Evening with Buddhika Gunasekara,['A0057'],['drama'],"['stage_musicals', 'opera']",['sinhala'],colombo,Colombo University Arts Theatre,['contemporary'],"['dark', 'reflective']",,[],ritual_ceremony,2026-03-14T10:41:41.129048,100,2000,upcoming
E0090,Evening with Dilshan Fernando,"['A0005', 'A0071', 'A0049']","['film', 'music', 'dance']","['acoustic_pop', 'ballads', 'police_procedural', 'naiyandi', 'civil_war_themes']","['english', 'sinhala']",kandy,Waters Edge,"['traditional', 'contemporary']","['serious', 'spiritual', 'party']",,[],ritual_ceremony,2026-03-16T10:41:41.129061,100,1000,upcoming
E0091,Vesak - Nimesh Ekanayake,['A0038'],['drama'],"['literary_adaptation', 'sokari', 'political_theatre', 'kolam_theatre']",['sinhala'],jaffna,Regal Theatre (Colombo),['traditional'],['romantic'],vesak,['vesak'],workshop,2026-08-07T10:41:41.129071,50,1000,upcoming
E0092,Live Hiruni Wijesinghe,['A0018'],['drama'],"['physical_theatre', 'immersive_theatre']","['english', 'sinhala']",negombo,Colombo University Arts Theatre,"['contemporary', 'fusion']",['dramatic_ballad'],,[],ritual_ceremony,2026-08-16T10:41:41.129081,500,0,upcoming
E0093,Evening with Ragavan Wickremasinghe,['A0074'],['dance'],"['drum_centered', 'cha_cha', 'ritual_based']",['tamil'],jaffna,Colombo Racecourse,['contemporary'],['romantic_longing'],,[],performance,2026-06-12T10:41:41.129091,500,1000,upcoming
E0094,Celebration of Angelo Jayawardena,['A0058'],['film'],"['romantic_commercial', 'comedy_commercial']",['sinhala'],ambalangoda,Mount Lavinia Hotel Ballroom,['contemporary'],"['emotional', 'romantic']",,[],competition,2026-04-24T10:41:41.129100,500,0,upcoming
E0095,Evening with Yashodha Senanayake,['A0083'],['music'],['classical_vocal'],['sinhala'],chilaw,Kandy Lake Club,['traditional'],['religious_reverence'],,[],competition,2026-03-27T10:41:41.129110,50,3000,upcoming
E0096,Evening with Nuwan Herath,"['A0010', 'A0067']","['music', 'dance']","['vannam_dance', 'background_scores', 'raban_music']",['sinhala'],matale,Temple Trees Grounds,['traditional'],"['political_awareness', 'tense', 'intense']",,[],competition,2026-07-12T10:41:41.129124,1000,500,upcoming
E0097,Night of Dilshan Fernando,['A0005'],['dance'],['naiyandi'],['sinhala'],kandy,Kandy Lake Club,['traditional'],"['peaceful', 'heartbreak']",,[],exhibition,2026-08-19T10:41:41.129134,100,500,upcoming
E0098,Evening with Ruwan Kumar,['A0091'],['dance'],"['harvest_dances', 'theatrical_dance', 'village_festival_dances']",['sinhala'],jaffna,BMICH (Bandaranaike Memorial International Conference Hall),['contemporary'],"['danceable', 'joyful', 'psychological']",,[],workshop,2026-05-21T10:41:41.129143,200,3000,upcoming
E0099,Live Thiru Bandara,['A0023'],['dance'],"['village_festival_dances', 'new_year_dances', 'wedding_dances']",['tamil'],trincomalee,Independence Square,['contemporary'],"['spiritual', 'sacred', 'political_intensity']",,[],performance,2026-03-04T10:41:41.129153,1000,1000,upcoming
E0100,Night of Amila Samaraweera,['A0063'],['film'],"['ancient_sri_lanka', 'biographical']",['sinhala'],anuradhapura,Colombo Racecourse,['contemporary'],"['energetic', 'urban_street', 'rebel']",,[],ritual_ceremony,2026-03-05T10:41:41.129163,1000,1500,upcoming
E0101,Live Ruwan Gunasekara,['A0084'],['drama'],"['physical_theatre', 'immersive_theatre']",['english'],ampara,Kelaniya Raja Maha Vihara,"['contemporary', 'fusion']","['heartbreak', 'tense', 'thriller_tension']",,[],workshop,2026-06-16T10:41:41.129172,500,0,upcoming
E0102,Live Dinesh Dissanayake,['A0070'],['film'],['colonial_era'],['sinhala'],matale,Lumbini Theatre (Havelock Town),['contemporary'],"['fierce', 'romantic_longing']",,[],festival,2026-08-11T10:41:41.129182,1000,0,upcoming
E0103,Celebration of W.D. Amaradeva,['A0007'],['dance'],['hip_hop_dance'],"['english', 'sinhala']",chilaw,Paradise Road Gallery,['contemporary'],"['energetic', 'urban_street', 'rebel']",,[],exhibition,2026-03-13T10:41:41.129191,100,0,upcoming
E0104,Celebration of Sachini Kumara,['A0011'],['dance'],"['wedding_dances', 'locking']",['sinhala'],nuwara_eliya,BMICH (Bandaranaike Memorial International Conference Hall),['contemporary'],"['war_tension', 'devotional', 'ceremonial']",,[],concert,2026-06-18T10:41:41.129201,100,500,upcoming
E0105,Celebration of Anusha Kumara,"['A0088', 'A0089']","['film', 'music']","['colonial_era', 'alternative_rock', 'sinhala_rap', 'tamil_rock', 'ancient_sri_lanka']","['tamil', 'sinhala']",ampara,Cinnamon Lakeside Ballroom,['contemporary'],"['energetic', 'rebel', 'emotional']",,[],festival,2026-07-25T10:41:41.129212,100,500,upcoming
E0106,Live Sachini Kumara,"['A0011', 'A0098', 'A0038']","['film', 'drama', 'dance']","['literary_adaptation', 'wedding_dances', 'kolam_theatre', 'locking', 'political_theatre', 'hindu_mythology', 'sokari', 'avant_garde']",['sinhala'],nuwara_eliya,Royal College Main Hall,"['contemporary', 'fusion', 'traditional']","['romantic', 'war_tension', 'devotional']",,[],exhibition,2026-03-21T10:41:41.129225,500,2000,upcoming
E0107,Evening with Iraj Weeraratne,['A0017'],['dance'],"['drum_centered', 'kolam_dance', 'devil_dance']",['english'],hambantota,Independence Square,['contemporary'],['expressive'],,[],competition,2026-05-13T10:41:41.129235,200,2000,upcoming
E0108,Live Kamala Jayasuriya,['A0089'],['film'],"['colonial_era', 'ancient_sri_lanka']",['tamil'],kilinochchi,Anuradhapura Cultural Centre,['contemporary'],"['emotional', 'satirical']",,[],festival,2026-03-18T10:41:41.129244,50,1000,upcoming
E0109,Celebration of Anusha Kumara,['A0088'],['music'],"['alternative_rock', 'sinhala_rap', 'tamil_rock']",['sinhala'],ampara,Cinnamon Lakeside Ballroom,['contemporary'],"['energetic', 'urban_street', 'rebel']",,[],ritual_ceremony,2026-05-16T10:41:41.129255,500,2000,upcoming
E0110,Evening with Shehan Gunawardena,['A0073'],['music'],"['alternative_rock', 'film_songs', 'metal']","['english', 'sinhala']",ambalangoda,Sri Lanka Foundation Institute,['contemporary'],"['urban_street', 'ceremonial']",,[],exhibition,2026-04-06T10:41:41.129265,1000,2000,upcoming
E0111,Celebration of Thilini De Silva,['A0080'],['music'],['sinhala_rock'],['sinhala'],matale,Dalada Maligawa (Temple of the Tooth),['contemporary'],"['mysterious', 'rhythmic', 'satirical']",,[],workshop,2026-04-19T10:41:41.129274,1000,500,upcoming
E0112,Evening with Chitrasena,"['A0000', 'A0015', 'A0003']","['film', 'dance']","['colonial_era', 'sanni_yakuma', 'kolam_dance', 'supernatural_horror', 'biographical']","['tamil', 'english', 'sinhala']",badulla,Colombo University Arts Theatre,['contemporary'],"['energetic', 'urban_street', 'rebel']",,[],competition,2026-04-26T10:41:41.129288,1000,1500,upcoming
E0113,Celebration of Lakshman Gunasekara,['A0044'],['drama'],['sokari'],['sinhala'],badulla,Galle International Cricket Stadium,['traditional'],['festive'],,[],ritual_ceremony,2026-03-06T10:41:41.129299,2000,500,upcoming
E0114,Live Tharindu De Silva,['A0008'],['music'],"['party_baila', 'traditional_baila']",['sinhala'],jaffna,Navarangahala (Borella),['contemporary'],"['energetic', 'party', 'celebratory']",,[],exhibition,2026-07-11T10:41:41.129311,1000,1000,upcoming
E0115,Night of Vindya Jayasuriya,['A0042'],['dance'],"['ves_dance', 'uddekki']",['sinhala'],nuwara_eliya,Ladies' College Auditorium,['traditional'],"['serious', 'rhythmic', 'cultural_pride']",,[],workshop,2026-07-27T10:41:41.129321,1000,0,upcoming
E0116,Night of Shanika Madumali,['A0043'],['dance'],"['bharatanatyam', 'tango', 'cha_cha']",['sinhala'],ampara,Kelaniya Raja Maha Vihara,['traditional'],"['uplifting', 'thriller_tension']",,[],workshop,2026-08-16T10:41:41.129331,100,1500,upcoming
E0117,Celebration of Lasith Dissanayake,"['A0068', 'A0042']","['drama', 'dance']","['romance_series', 'uddekki', 'immersive_theatre', 'ves_dance', 'family_drama']",['sinhala'],gampaha,Colombo University Arts Theatre,"['contemporary', 'fusion', 'traditional']","['serious', 'dramatic_ballad', 'rhythmic']",,[],ritual_ceremony,2026-06-17T10:41:41.129342,2000,0,upcoming
E0118,Celebration of Nadeesha Jayawardena,['A0086'],['drama'],['crime_series'],['sinhala'],puttalam,Royal College Main Hall,['contemporary'],['meditative'],,[],festival,2026-07-19T10:41:41.129351,50,0,upcoming
E0119,Night of Sachini Sivarajah,"['A0045', 'A0008']",['music'],"['party_baila', 'film_songs', 'drill', 'sinhala_rap', 'traditional_baila']","['english', 'sinhala']",anuradhapura,University of Peradeniya Open Air Theatre,['contemporary'],"['energetic', 'party', 'rebel']",,[],exhibition,2026-03-11T10:41:41.129363,200,1500,upcoming
E0120,Celebration of Ruwan Rathnayake,['A0049'],['music'],"['acoustic_pop', 'ballads']","['english', 'sinhala']",kegalle,Jaffna Public Library Hall,['contemporary'],"['spiritual', 'suspenseful', 'reflective']",,[],festival,2026-04-02T10:41:41.129373,200,1000,upcoming
E0121,Night of Kavitha Weerasinghe,"['A0034', 'A0052']",['film'],"['avant_garde', 'colonial_era', 'romantic_drama', 'biographical', 'romantic_comedy', 'low_budget_indie']","['tamil', 'sinhala']",jaffna,Gangaramaya Temple Grounds,"['contemporary', 'fusion']","['energetic', 'rebel', 'urban_street']",,[],workshop,2026-06-07T10:41:41.129390,500,1000,upcoming
E0122,Evening with Dilini Silva,['A0022'],['music'],['folk_fusion'],['english'],kandy,Independence Square,"['contemporary', 'fusion']",['ritualistic'],,[],exhibition,2026-03-13T10:41:41.129402,100,0,upcoming
E0123,Celebration of Nimesh Jayawardena,['A0061'],['dance'],['ceremonial_dances'],['english'],polonnaruwa,Diyatha Uyana,['contemporary'],['energetic'],,[],performance,2026-04-21T10:41:41.129412,200,1500,upcoming
E0124,Night of Hiruni Wijesinghe,"['A0018', 'A0098']","['film', 'drama']","['avant_garde', 'hindu_mythology', 'physical_theatre', 'immersive_theatre']","['english', 'sinhala']",negombo,Galle Face Green,"['contemporary', 'fusion']","['dramatic_ballad', 'dramatic', 'suspense']",,[],ritual_ceremony,2026-07-14T10:41:41.129423,2000,500,upcoming
E0125,Live Angelo Jayawardena,"['A0058', 'A0049']","['film', 'music']","['acoustic_pop', 'romantic_commercial', 'ballads', 'comedy_commercial']","['english', 'sinhala']",ambalangoda,Waters Edge,['contemporary'],"['romantic', 'spiritual', 'suspenseful']",,[],concert,2026-03-05T10:41:41.129434,200,0,upcoming
E0126,Celebration of Dilshan Fernando,['A0005'],['dance'],['naiyandi'],['sinhala'],kandy,Galle Face Green,['traditional'],"['peaceful', 'heartbreak']",,[],festival,2026-05-22T10:41:41.129444,50,1000,upcoming
E0127,Vesak - Kavinda Liyanage,"['A0026', 'A0041']","['music', 'dance']","['party_baila', 'sad_songs', 'ballads', 'modern_baila', 'ves_dance', 'pantheru']",['sinhala'],matale,Galle Fort Gateway,"['contemporary', 'traditional']","['emotional', 'energetic', 'party']",vesak,['vesak'],performance,2026-06-24T10:41:41.129456,2000,0,upcoming
E0128,Live Sashika Nisansala,['A0020'],['film'],"['romantic_drama', 'romantic_comedy']",['english'],ambalangoda,Lumbini Theatre (Havelock Town),['contemporary'],"['emotional', 'romantic']",,[],concert,2026-03-07T10:41:41.129466,1000,2000,upcoming
E0129,Vesak - Lakshman Gunasekara,['A0044'],['drama'],['sokari'],['sinhala'],badulla,Galle International Cricket Stadium,['traditional'],['festive'],vesak,['vesak'],exhibition,2026-07-28T10:41:41.129476,100,0,upcoming
E0130,Live Thisara Bandara,['A0078'],['dance'],['tango'],['sinhala'],kandy,Ladies' College Auditorium,['contemporary'],"['political_intensity', 'angry']",,[],festival,2026-06-25T10:41:41.129485,50,0,upcoming
E0131,Evening with Nadeesha Jayawardena,['A0086'],['drama'],['crime_series'],['sinhala'],puttalam,BMICH (Bandaranaike Memorial International Conference Hall),['contemporary'],['meditative'],,[],concert,2026-06-10T10:41:41.129494,50,0,upcoming
E0132,Evening with Dilshan Nadarajah,['A0090'],['film'],"['detective', 'police_procedural']",['english'],anuradhapura,Cinnamon Lakeside Ballroom,['contemporary'],"['patriotic', 'thriller_tension']",,[],festival,2026-08-12T10:41:41.129504,2000,1000,upcoming
E0133,Night of Dharmadasa Walpola,"['A0039', 'A0042']","['music', 'dance']","['sad_songs', 'ves_dance', 'uddekki']","['tamil', 'sinhala']",trincomalee,Galle Fort Gateway,"['contemporary', 'traditional']","['serious', 'emotional', 'rhythmic']",,[],competition,2026-07-18T10:41:41.129515,50,1500,upcoming
E0134,Evening with Kamala Jayasuriya,['A0089'],['film'],"['colonial_era', 'ancient_sri_lanka']",['tamil'],kilinochchi,Colombo University Arts Theatre,['contemporary'],"['emotional', 'satirical']",,[],concert,2026-06-28T10:41:41.129524,200,3000,upcoming
E0135,Night of Neela Wickremasinghe,['A0028'],['dance'],"['bharatanatyam', 'pantheru', 'naiyandi']",['sinhala'],matale,University of Peradeniya Open Air Theatre,['traditional'],"['dramatic_ballad', 'satirical']",,[],ritual_ceremony,2026-05-09T10:41:41.129544,200,1500,upcoming
E0136,Celebration of Roshan Fernando,"['A0085', 'A0042']","['drama', 'dance']","['uddekki', 'sokari', 'nadagam', 'ves_dance', 'social_drama']",['sinhala'],batticaloa,Royal College Main Hall,['traditional'],"['serious', 'rhythmic', 'psychological']",,[],workshop,2026-03-20T10:41:41.129556,500,0,upcoming
E0137,Live Amila De Silva,['A0021'],['dance'],"['drum_centered', 'ves_dance', 'ritual_based']",['sinhala'],nuwara_eliya,Regal Theatre (Colombo),['traditional'],['meditative'],,[],ritual_ceremony,2026-07-29T10:41:41.129565,100,2000,upcoming
E0138,Celebration of Ruwan Kumar,['A0091'],['dance'],"['harvest_dances', 'theatrical_dance', 'village_festival_dances']",['sinhala'],jaffna,Galle Face Green,['contemporary'],"['danceable', 'joyful', 'psychological']",,[],exhibition,2026-07-24T10:41:41.129575,2000,0,upcoming
E0139,Esala Perahera - Madhavi Pathirana,['A0051'],['music'],"['sinhala_classical', 'virindu', 'harvest_songs']",['sinhala'],ratnapura,Mount Lavinia Hotel Ballroom,['traditional'],"['political_awareness', 'social_critique', 'uplifting']",esala_perahera,['esala_perahera'],workshop,2026-07-22T10:41:41.129585,100,500,upcoming
E0140,Celebration of Shanika Madumali,['A0043'],['dance'],"['bharatanatyam', 'tango', 'cha_cha']",['sinhala'],ampara,Anuradhapura Cultural Centre,['traditional'],"['uplifting', 'thriller_tension']",,[],ritual_ceremony,2026-06-22T10:41:41.129595,500,2000,upcoming
E0141,Evening with Angeline Gunathilaka,['A0030'],['dance'],"['wedding_dances', 'ceremonial_dances']",['english'],panadura,Jaffna Public Library Hall,['contemporary'],"['spiritual', 'tense', 'ceremonial']",,[],competition,2026-08-22T10:41:41.129604,50,3000,upcoming
E0142,Night of Saman Rajapaksa,['A0076'],['drama'],"['literary_adaptation', 'opera', 'political_theatre', 'stage_musicals']",['english'],kandy,Colombo University Arts Theatre,['contemporary'],['joyful'],,[],exhibition,2026-07-24T10:41:41.129614,50,1500,upcoming
E0143,Poson - Madhavi Pathirana,['A0051'],['music'],"['sinhala_classical', 'virindu', 'harvest_songs']",['sinhala'],ratnapura,Colombo Hilton Grand Ballroom,['traditional'],"['political_awareness', 'social_critique', 'uplifting']",poson,['poson'],festival,2026-05-26T10:41:41.129624,500,1000,upcoming
E0144,Night of Sachini Kumara,"['A0011', 'A0027']","['music', 'dance']","['wedding_dances', 'modern_baila', 'locking']","['english', 'sinhala']",nuwara_eliya,Viharamahadevi Park Open Air Theatre,['contemporary'],"['energetic', 'war_tension', 'devotional']",,[],festival,2026-08-13T10:41:41.129635,50,0,upcoming
E0145,Celebration of Premasiri Khemadasa,['A0037'],['drama'],['literary_adaptation'],['tamil'],kilinochchi,Temple Trees Grounds,['contemporary'],"['celebratory', 'melancholic']",,[],festival,2026-04-23T10:41:41.129645,100,1000,upcoming
E0146,Live Nadeesha Jayawardena,['A0086'],['drama'],['crime_series'],['sinhala'],puttalam,Navarangahala (Borella),['contemporary'],['meditative'],,[],workshop,2026-05-31T10:41:41.129655,50,2000,upcoming
E0147,Poson - Dilshan Liyanage,"['A0065', 'A0051']","['music', 'dance']","['tango', 'uddekki', 'harvest_songs', 'sinhala_classical', 'virindu']",['sinhala'],kandy,Viharamahadevi Park Open Air Theatre,['traditional'],"['social_critique', 'political_awareness', 'tragic']",poson,['poson'],ritual_ceremony,2026-07-22T10:41:41.129674,50,0,upcoming
E0148,Evening with Sachini Sivarajah,"['A0045', 'A0014']",['music'],"['drill', 'sinhala_rap', 'film_songs']","['english', 'sinhala']",anuradhapura,Regal Theatre (Colombo),['contemporary'],"['energetic', 'urban_street', 'rebel']",,[],ritual_ceremony,2026-03-11T10:41:41.129686,100,1500,upcoming
E0149,Night of Ruwan Kumar,"['A0091', 'A0048']","['drama', 'dance']","['theatrical_dance', 'harvest_dances', 'village_festival_dances', 'stage_musicals', 'opera']","['tamil', 'sinhala']",jaffna,Cinnamon Grand Ballroom,['contemporary'],"['danceable', 'war_tension', 'joyful']",,[],workshop,2026-06-23T10:41:41.129700,1000,500,upcoming
