user_id,artist_id,timestamp,compatibility_score
U0000,A0024,2026-02-20T10:41:41.129925,7
U0000,A0072,2026-01-12T10:41:41.129929,7
U0000,A0045,2026-02-14T10:41:41.129932,7
U0000,A0053,2026-02-06T10:41:41.129935,7
U0000,A0077,2025-12-10T10:41:41.129937,7
U0000,A0049,2026-02-05T10:41:41.129940,7
U0000,A0081,2025-12-23T10:41:41.129942,7
U0000,A0022,2026-01-03T10:41:41.129945,7
U0000,A0027,2026-01-06T10:41:41.129947,7
U0000,A0046,2026-01-25T10:41:41.129950,7
U0001,A0057,2025-12-06T10:41:41.130360,7
U0001,A0086,2026-02-18T10:41:41.130363,7
U0001,A0072,2026-01-16T10:41:41.130365,7
U0001,A0040,2026-02-12T10:41:41.130368,7
U0001,A0053,2025-12-28T10:41:41.130371,7
U0001,A0018,2025-12-08T10:41:41.130373,7
U0001,A0049,2026-02-03T10:41:41.130375,8
U0001,A0008,2025-12-11T10:41:41.130377,7
U0002,A0062,2025-12-03T10:41:41.130792,7
U0002,A0019,2025-12-25T10:41:41.130795,8
U0002,A0060,2025-12-12T10:41:41.130797,7
U0002,A0099,2025-11-27T10:41:41.130800,7
U0002,A0034,2026-01-29T10:41:41.130802,6
U0003,A0010,2025-12-11T10:41:41.131174,5
U0003,A0016,2026-01-07T10:41:41.131177,5
U0003,A0047,2026-02-13T10:41:41.131180,5
U0003,A0091,2026-02-24T10:41:41.131182,5
U0004,A0049,2026-01-16T10:41:41.131572,8
U0004,A0062,2025-11-29T10:41:41.131575,8
U0004,A0024,2025-12-30T10:41:41.131577,8
U0004,A0088,2026-01-27T10:41:41.131580,7
U0004,A0073,2025-12-16T10:41:41.131582,7
U0005,A0083,2026-02-20T10:41:41.131988,8
U0005,A0036,2026-01-30T10:41:41.131991,7
U0006,A0068,2025-12-15T10:41:41.132365,7
U0006,A0086,2026-02-19T10:41:41.132368,7
U0006,A0018,2025-12-12T10:41:41.132370,7
U0007,A0039,2025-12-24T10:41:41.132753,7
U0007,A0049,2026-01-17T10:41:41.132756,6
U0007,A0036,2025-12-07T10:41:41.132758,5
U0007,A0072,2025-12-08T10:41:41.132760,5
U0007,A0080,2026-01-09T10:41:41.132763,5
U0008,A0018,2026-01-03T10:41:41.133152,7
U0008,A0001,2025-12-28T10:41:41.133155,8
U0008,A0040,2025-12-20T10:41:41.133157,7
U0008,A0084,2025-11-29T10:41:41.133160,8
U0009,A0039,2026-02-19T10:41:41.133528,7
U0009,A0056,2025-12-01T10:41:41.133531,7
U0009,A0075,2025-12-30T10:41:41.133533,7
U0009,A0032,2026-01-20T10:41:41.133535,7
U0010,A0022,2025-12-28T10:41:41.133945,8
U0010,A0024,2026-02-24T10:41:41.133948,7
U0011,A0092,2025-11-28T10:41:41.134315,6
U0011,A0065,2026-01-08T10:41:41.134318,5
U0011,A0012,2026-01-15T10:41:41.134320,5
U0011,A0010,2025-12-10T10:41:41.134322,5
U0011,A0047,2026-01-01T10:41:41.134325,5
U0011,A0021,2025-12-05T10:41:41.134327,5
U0011,A0030,2026-01-24T10:41:41.134329,5
U0011,A0043,2026-02-19T10:41:41.134332,5
U0011,A0017,2025-12-08T10:41:41.134334,5
U0012,A0009,2025-12-14T10:41:41.134726,8
U0012,A0006,2025-12-24T10:41:41.134729,7
U0012,A0026,2025-12-28T10:41:41.134731,7
U0012,A0083,2025-12-27T10:41:41.134733,7
U0013,A0093,2026-01-01T10:41:41.135127,7
U0013,A0051,2025-12-22T10:41:41.135130,7
U0013,A0083,2025-12-08T10:41:41.135133,7
U0013,A0087,2025-12-31T10:41:41.135135,7
U0013,A0067,2026-02-05T10:41:41.135137,7
U0013,A0073,2025-12-25T10:41:41.135140,5
U0013,A0041,2026-02-22T10:41:41.135142,5
U0013,A0080,2026-01-07T10:41:41.135144,5
U0013,A0049,2026-01-01T10:41:41.135147,5
U0013,A0046,2026-02-14T10:41:41.135149,5
U0013,A0026,2026-01-17T10:41:41.135151,5
U0013,A0022,2025-12-10T10:41:41.135154,5
U0013,A0088,2025-12-18T10:41:41.135156,5
U0013,A0012,2026-02-05T10:41:41.135159,4
U0013,A0095,2025-12-16T10:41:41.135161,4
U0014,A0011,2026-02-03T10:41:41.135599,8
U0014,A0029,2025-12-29T10:41:41.135601,7
U0014,A0068,2026-02-10T10:41:41.135604,7
U0014,A0036,2025-12-25T10:41:41.135606,7
U0014,A0081,2025-12-02T10:41:41.135608,7
U0015,A0013,2026-02-15T10:41:41.136026,8
U0015,A0068,2025-12-16T10:41:41.136029,7
U0015,A0040,2026-01-23T10:41:41.136031,7
U0015,A0057,2026-01-22T10:41:41.136033,7
U0015,A0001,2026-01-07T10:41:41.136036,7
U0015,A0086,2025-12-03T10:41:41.136038,7
U0015,A0050,2026-02-04T10:41:41.136040,6
U0015,A0018,2026-01-04T10:41:41.136043,7
U0015,A0029,2025-12-28T10:41:41.136045,7
U0015,A0084,2026-02-14T10:41:41.136048,5
U0015,A0076,2026-01-23T10:41:41.136050,5
U0015,A0055,2025-11-30T10:41:41.136052,5
U0015,A0082,2026-01-01T10:41:41.136054,5
U0015,A0008,2025-11-28T10:41:41.136057,5
U0015,A0095,2026-02-06T10:41:41.136059,5
U0015,A0044,2025-12-18T10:41:41.136061,5
U0015,A0059,2026-01-29T10:41:41.136063,5
U0015,A0048,2026-02-15T10:41:41.136066,5
U0015,A0033,2025-12-06T10:41:41.136070,5
U0015,A0038,2026-01-21T10:41:41.136072,6
U0015,A0080,2025-12-05T10:41:41.136074,5
U0015,A0002,2025-11-27T10:41:41.136077,4
U0015,A0009,2025-12-04T10:41:41.136079,4
U0015,A0070,2026-01-31T10:41:41.136081,5
U0015,A0073,2026-01-08T10:41:41.136084,4
U0015,A0085,2025-12-14T10:41:41.136086,5
U0016,A0094,2026-01-14T10:41:41.136545,6
U0016,A0009,2026-01-04T10:41:41.136548,5
U0016,A0003,2025-12-22T10:41:41.136550,5
U0016,A0099,2026-01-06T10:41:41.136553,5
U0016,A0035,2026-02-08T10:41:41.136555,5
U0016,A0060,2026-02-10T10:41:41.136557,5
U0016,A0019,2026-02-11T10:41:41.136560,5
U0016,A0020,2026-02-22T10:41:41.136562,5
U0016,A0089,2026-02-08T10:41:41.136565,4
U0016,A0031,2026-02-05T10:41:41.136567,5
U0016,A0000,2026-01-11T10:41:41.136569,5
U0016,A0071,2025-12-22T10:41:41.136572,5
U0016,A0090,2026-02-23T10:41:41.136574,5
U0016,A0002,2025-11-29T10:41:41.136576,3
U0016,A0052,2026-01-25T10:41:41.136578,3
U0016,A0004,2026-02-18T10:41:41.136581,3
U0016,A0062,2025-11-30T10:41:41.136583,4
U0016,A0072,2026-01-12T10:41:41.136585,3
U0016,A0098,2026-01-01T10:41:41.136588,3
U0016,A0028,2025-12-10T10:41:41.136590,3
U0016,A0034,2026-02-23T10:41:41.136592,3
U0017,A0018,2025-12-09T10:41:41.137034,7
U0017,A0001,2025-12-16T10:41:41.137037,7
U0017,A0068,2026-01-29T10:41:41.137040,7
U0017,A0040,2025-12-30T10:41:41.137042,7
U0017,A0055,2026-01-27T10:41:41.137044,6
U0017,A0042,2026-01-14T10:41:41.137046,6
U0017,A0007,2026-01-21T10:41:41.137049,6
U0018,A0062,2026-01-22T10:41:41.137458,7
U0018,A0098,2025-12-13T10:41:41.137461,7
U0018,A0052,2025-12-22T10:41:41.137463,7
U0018,A0009,2026-01-16T10:41:41.137466,7
U0018,A0063,2026-01-26T10:41:41.137468,7
U0018,A0099,2026-01-01T10:41:41.137471,7
U0018,A0031,2026-02-04T10:41:41.137473,7
U0019,A0055,2025-12-09T10:41:41.137854,7
U0019,A0040,2025-12-24T10:41:41.137856,7
U0019,A0084,2026-01-28T10:41:41.137859,7
U0019,A0001,2025-11-27T10:41:41.137869,7
U0020,A0093,2026-02-23T10:41:41.138270,7
U0020,A0006,2025-12-06T10:41:41.138272,7
U0020,A0038,2025-12-11T10:41:41.138275,7
U0020,A0067,2026-02-05T10:41:41.138277,8
U0020,A0044,2026-02-21T10:41:41.138279,7
U0021,A0068,2026-02-07T10:41:41.138686,8
U0021,A0001,2025-12-12T10:41:41.138698,8
U0021,A0038,2025-12-28T10:41:41.138701,7
U0021,A0086,2026-02-09T10:41:41.138703,7
U0021,A0084,2026-02-08T10:41:41.138705,7
U0022,A0063,2026-01-07T10:41:41.139082,8
U0022,A0088,2025-12-05T10:41:41.139085,8
U0022,A0092,2026-02-11T10:41:41.139087,7
U0022,A0051,2026-01-20T10:41:41.139089,7
U0022,A0047,2025-12-06T10:41:41.139092,7
U0022,A0005,2025-11-30T10:41:41.139094,7
U0022,A0052,2025-12-17T10:41:41.139097,7
U0022,A0083,2025-12-29T10:41:41.139099,7
U0022,A0078,2025-12-19T10:41:41.139102,7
U0022,A0060,2026-02-02T10:41:41.139104,8
U0022,A0070,2026-01-22T10:41:41.139107,7
U0023,A0018,2025-12-22T10:41:41.139523,6
U0024,A0011,2025-11-27T10:41:41.139886,8
U0024,A0045,2026-01-01T10:41:41.139900,8
U0024,A0088,2025-12-16T10:41:41.139902,7
U0024,A0049,2026-02-07T10:41:41.139904,7
U0024,A0057,2026-02-10T10:41:41.139907,7
U0024,A0076,2025-12-30T10:41:41.139909,7
U0024,A0086,2026-02-09T10:41:41.139911,7
U0024,A0030,2025-12-08T10:41:41.139913,8
U0024,A0036,2026-01-08T10:41:41.139916,7
U0024,A0017,2026-01-10T10:41:41.139918,7
U0024,A0022,2026-01-31T10:41:41.139920,7
U0024,A0007,2026-01-12T10:41:41.139927,7
U0024,A0073,2025-12-31T10:41:41.139929,8
U0024,A0013,2026-02-17T10:41:41.139932,7
U0024,A0079,2026-01-25T10:41:41.139934,7
U0024,A0053,2026-01-26T10:41:41.139936,7
U0025,A0052,2026-01-24T10:41:41.140382,7
U0025,A0063,2026-01-09T10:41:41.140385,6
U0025,A0098,2026-01-26T10:41:41.140387,7
U0025,A0019,2025-12-28T10:41:41.140390,7
U0025,A0094,2026-01-15T10:41:41.140392,6
U0025,A0058,2026-02-10T10:41:41.140394,5
U0025,A0009,2025-11-28T10:41:41.140396,5
U0026,A0052,2025-12-20T10:41:41.140783,5
U0026,A0002,2026-01-15T10:41:41.140786,5
U0026,A0062,2026-01-31T10:41:41.140788,5
U0026,A0099,2025-12-15T10:41:41.140791,5
U0026,A0070,2025-12-02T10:41:41.140793,5
U0027,A0053,2026-01-26T10:41:41.141177,8
U0027,A0008,2026-02-17T10:41:41.141180,8
U0027,A0025,2025-12-23T10:41:41.141183,7
U0027,A0009,2026-01-23T10:41:41.141185,7
U0028,A0052,2026-02-23T10:41:41.141590,5
U0028,A0051,2025-12-01T10:41:41.141592,5
U0028,A0094,2026-01-04T10:41:41.141595,5
U0028,A0099,2026-01-02T10:41:41.141602,6
U0028,A0003,2025-12-01T10:41:41.141605,5
U0028,A0010,2025-12-01T10:41:41.141607,5
U0028,A0070,2026-02-17T10:41:41.141609,5
U0028,A0098,2026-02-16T10:41:41.141612,5
U0029,A0099,2026-01-05T10:41:41.142012,9
U0029,A0019,2026-02-15T10:41:41.142015,8
U0029,A0091,2025-12-04T10:41:41.142017,7
U0029,A0030,2026-01-26T10:41:41.142019,7
U0029,A0078,2026-02-07T10:41:41.142022,7
U0030,A0012,2025-12-12T10:41:41.142417,8
U0030,A0021,2026-02-03T10:41:41.142419,7
U0030,A0069,2025-12-07T10:41:41.142422,7
U0031,A0008,2026-02-05T10:41:41.142808,8
U0031,A0022,2025-12-11T10:41:41.142811,7
U0031,A0014,2025-12-22T10:41:41.142814,7
U0031,A0053,2026-01-15T10:41:41.142816,7
U0031,A0027,2025-12-20T10:41:41.142818,7
U0031,A0046,2026-01-08T10:41:41.142821,8
U0032,A0070,2026-02-05T10:41:41.143227,8
U0032,A0098,2026-02-05T10:41:41.143230,7
U0032,A0062,2025-12-11T10:41:41.143232,9
U0033,A0021,2026-01-29T10:41:41.143609,7
U0033,A0010,2025-12-02T10:41:41.143611,7
U0033,A0041,2026-01-18T10:41:41.143614,7
U0033,A0042,2026-01-08T10:41:41.143616,7
U0033,A0006,2025-12-07T10:41:41.143619,7
U0033,A0085,2026-01-02T10:41:41.143622,7
U0033,A0005,2026-02-04T10:41:41.143624,7
U0033,A0069,2026-01-02T10:41:41.143626,7
U0033,A0044,2026-02-02T10:41:41.143628,7
U0033,A0047,2026-02-02T10:41:41.143631,7
U0033,A0043,2025-12-20T10:41:41.143633,7
U0033,A0038,2026-02-05T10:41:41.143635,7
U0033,A0065,2025-12-01T10:41:41.143638,7
U0033,A0059,2026-02-01T10:41:41.143640,6
U0034,A0029,2026-01-23T10:41:41.144073,8
U0034,A0086,2026-02-10T10:41:41.144076,8
U0035,A0082,2025-11-28T10:41:41.144458,8
U0035,A0077,2026-02-07T10:41:41.144461,7
U0035,A0022,2026-01-14T10:41:41.144464,7
U0035,A0072,2025-11-27T10:41:41.144466,7
U0035,A0050,2026-01-24T10:41:41.144468,7
U0035,A0018,2025-12-18T10:41:41.144471,7
U0036,A0084,2026-01-15T10:41:41.144879,7
U0036,A0052,2026-02-15T10:41:41.144883,7
U0036,A0094,2026-01-29T10:41:41.144885,7
U0036,A0055,2025-12-23T10:41:41.144887,7
U0036,A0018,2026-01-29T10:41:41.144890,7
U0037,A0044,2025-12-02T10:41:41.145284,7
U0037,A0095,2025-12-07T10:41:41.145287,8
U0037,A0038,2026-01-09T10:41:41.145289,7
U0037,A0085,2025-12-27T10:41:41.145292,7
U0037,A0006,2025-12-16T10:41:41.145294,7
U0037,A0018,2026-01-03T10:41:41.145296,5
U0038,A0051,2025-12-13T10:41:41.145689,7
U0038,A0087,2026-01-25T10:41:41.145692,7
U0039,A0069,2025-12-13T10:41:41.146074,8
U0039,A0041,2026-01-26T10:41:41.146077,8
U0039,A0018,2025-12-11T10:41:41.146080,8
U0039,A0005,2025-12-08T10:41:41.146082,7
U0040,A0078,2025-12-07T10:41:41.146497,7
U0040,A0097,2026-02-18T10:41:41.146500,7
U0040,A0061,2026-02-23T10:41:41.146502,8
U0040,A0091,2026-01-20T10:41:41.146507,7
U0040,A0016,2026-02-24T10:41:41.146509,7
U0040,A0007,2026-01-17T10:41:41.146511,8
U0040,A0030,2025-12-30T10:41:41.146590,7
U0040,A0054,2026-01-07T10:41:41.146592,7
U0040,A0079,2025-12-14T10:41:41.146595,7
U0040,A0026,2026-02-04T10:41:41.146597,6
U0040,A0094,2026-02-12T10:41:41.146599,5
U0041,A0078,2025-12-24T10:41:41.147013,8
U0041,A0017,2026-02-21T10:41:41.147016,8
U0041,A0097,2026-01-07T10:41:41.147018,8
U0041,A0027,2026-02-20T10:41:41.147020,7
U0042,A0094,2026-01-18T10:41:41.147427,7
U0042,A0052,2025-12-05T10:41:41.147430,7
U0042,A0098,2026-01-24T10:41:41.147432,7
U0042,A0019,2026-01-29T10:41:41.147435,7
U0042,A0007,2025-12-10T10:41:41.147437,5
U0042,A0028,2025-12-05T10:41:41.147439,5
U0042,A0031,2026-01-12T10:41:41.147442,5
U0042,A0000,2026-02-01T10:41:41.147444,5
U0042,A0003,2025-12-04T10:41:41.147446,5
U0042,A0054,2025-12-23T10:41:41.147449,5
U0042,A0058,2026-01-08T10:41:41.147451,5
U0043,A0009,2026-02-07T10:41:41.147864,8
U0043,A0052,2026-02-24T10:41:41.147867,8
U0043,A0099,2026-01-19T10:41:41.147869,7
U0043,A0025,2025-12-28T10:41:41.147872,7
U0044,A0040,2026-02-17T10:41:41.148262,8
U0044,A0018,2025-12-31T10:41:41.148265,7
U0044,A0099,2026-01-04T10:41:41.148267,7
U0045,A0099,2026-01-28T10:41:41.148686,7
U0045,A0086,2025-12-18T10:41:41.148689,7
U0045,A0020,2025-12-02T10:41:41.148691,7
U0046,A0098,2025-11-29T10:41:41.149088,8
U0046,A0019,2025-12-21T10:41:41.149091,7
U0046,A0068,2026-01-25T10:41:41.149094,7
U0046,A0040,2026-01-03T10:41:41.149096,8
U0047,A0069,2025-12-24T10:41:41.149509,7
U0047,A0010,2026-01-28T10:41:41.149527,7
U0047,A0005,2026-01-03T10:41:41.149530,7
U0047,A0012,2026-01-13T10:41:41.149532,7
U0047,A0092,2026-02-12T10:41:41.149534,7
U0047,A0043,2026-02-13T10:41:41.149537,8
U0047,A0047,2025-12-22T10:41:41.149539,8
U0048,A0051,2026-01-04T10:41:41.149955,8
U0048,A0067,2026-01-07T10:41:41.149958,8
U0048,A0087,2025-12-14T10:41:41.149960,7
U0048,A0093,2026-02-09T10:41:41.149962,7
U0048,A0083,2026-01-25T10:41:41.149965,7
U0049,A0018,2026-01-03T10:41:41.150368,7
U0049,A0001,2025-12-16T10:41:41.150371,7
U0049,A0040,2025-12-19T10:41:41.150373,7
U0049,A0095,2026-02-23T10:41:41.150376,6
U0049,A0068,2026-02-23T10:41:41.150378,7
U0049,A0084,2026-02-01T10:41:41.150381,5
U0050,A0072,2026-02-06T10:41:41.150788,8
U0050,A0045,2025-12-31T10:41:41.150790,7
U0050,A0049,2026-01-04T10:41:41.150793,7
U0050,A0073,2025-12-14T10:41:41.150795,7
U0050,A0053,2025-12-15T10:41:41.150797,7
U0051,A0091,2026-02-03T10:41:41.151190,8
U0051,A0078,2025-12-12T10:41:41.151197,7
U0051,A0054,2026-01-14T10:41:41.151200,7
U0051,A0068,2026-02-18T10:41:41.151202,7
U0051,A0079,2026-02-06T10:41:41.151205,7
U0051,A0001,2026-01-05T10:41:41.151207,7
U0051,A0086,2026-01-18T10:41:41.151209,7
U0051,A0011,2025-12-21T10:41:41.151213,7
U0051,A0076,2026-02-19T10:41:41.151215,8
U0051,A0040,2026-02-12T10:41:41.151218,8
U0051,A0050,2025-12-31T10:41:41.151220,7
U0051,A0061,2026-01-20T10:41:41.151222,7
U0051,A0017,2026-01-19T10:41:41.151225,7
U0051,A0055,2026-02-18T10:41:41.151227,7
U0051,A0012,2026-01-25T10:41:41.151229,6
U0051,A0029,2025-12-29T10:41:41.151231,7
U0051,A0057,2026-01-29T10:41:41.151234,8
U0051,A0016,2025-11-29T10:41:41.151236,8
U0051,A0097,2026-01-23T10:41:41.151238,7
U0051,A0033,2026-02-11T10:41:41.151240,7
U0051,A0084,2026-01-05T10:41:41.151243,7
U0051,A0007,2025-12-26T10:41:41.151245,7
U0051,A0082,2025-12-18T10:41:41.151248,7
U0052,A0000,2025-11-28T10:41:41.151704,8
U0053,A0045,2026-02-11T10:41:41.152072,8
U0053,A0098,2026-02-07T10:41:41.152074,8
U0053,A0009,2026-01-31T10:41:41.152077,8
U0053,A0031,2026-02-16T10:41:41.152079,8
U0053,A0019,2026-02-08T10:41:41.152082,8
U0053,A0024,2026-01-30T10:41:41.152084,7
U0053,A0002,2025-12-09T10:41:41.152086,7
U0053,A0058,2026-02-06T10:41:41.152089,7
U0053,A0003,2025-12-04T10:41:41.152091,7
U0053,A0088,2026-02-24T10:41:41.152093,7
U0054,A0049,2026-01-28T10:41:41.152530,9
U0054,A0053,2026-02-20T10:41:41.152533,8
U0054,A0027,2026-01-18T10:41:41.152535,8
U0054,A0077,2025-12-13T10:41:41.152538,8
U0054,A0088,2026-01-31T10:41:41.152540,8
U0055,A0098,2026-01-01T10:41:41.152928,7
U0055,A0052,2025-12-10T10:41:41.152931,8
U0055,A0019,2026-01-23T10:41:41.152933,7
U0055,A0002,2025-12-23T10:41:41.152936,5
U0055,A0025,2026-02-21T10:41:41.152938,5
U0055,A0003,2026-01-29T10:41:41.152940,5
U0055,A0099,2026-02-09T10:41:41.152943,5
U0056,A0055,2025-12-11T10:41:41.153351,7
U0056,A0068,2026-01-21T10:41:41.153353,7
U0057,A0048,2026-01-24T10:41:41.153734,5
U0057,A0038,2025-11-27T10:41:41.153737,5
U0057,A0095,2025-12-12T10:41:41.153739,5
U0057,A0037,2026-01-05T10:41:41.153741,5
U0057,A0044,2025-11-27T10:41:41.153744,5
U0057,A0006,2025-12-07T10:41:41.153746,5
U0057,A0085,2025-12-16T10:41:41.153748,5
U0057,A0050,2025-12-30T10:41:41.153750,3
U0058,A0085,2025-12-03T10:41:41.154172,7
U0059,A0074,2026-01-18T10:41:41.154571,8
U0059,A0030,2026-01-31T10:41:41.154573,7
U0059,A0023,2026-01-08T10:41:41.154576,7
U0059,A0017,2026-01-06T10:41:41.154578,7
U0059,A0073,2026-02-13T10:41:41.154580,7
U0059,A0049,2026-01-19T10:41:41.154583,7
U0059,A0007,2026-02-17T10:41:41.154585,7
U0060,A0098,2025-12-14T10:41:41.155022,8
U0061,A0098,2025-12-17T10:41:41.155413,8
U0061,A0019,2026-01-10T10:41:41.155415,7
U0061,A0052,2026-01-11T10:41:41.155418,7
U0061,A0068,2026-01-24T10:41:41.155420,5
U0061,A0009,2026-01-08T10:41:41.155422,5
U0061,A0025,2025-11-29T10:41:41.155438,5
U0061,A0060,2025-12-14T10:41:41.155441,5
U0061,A0070,2026-01-12T10:41:41.155443,5
U0061,A0062,2026-02-06T10:41:41.155445,5
U0061,A0063,2026-02-19T10:41:41.155448,5
U0061,A0002,2026-01-09T10:41:41.155450,5
U0062,A0097,2026-01-02T10:41:41.155888,8
U0062,A0070,2026-01-09T10:41:41.155891,8
U0063,A0024,2026-02-13T10:41:41.156294,8
U0063,A0027,2026-01-12T10:41:41.156297,8
U0064,A0010,2025-12-20T10:41:41.156679,8
U0064,A0041,2025-12-09T10:41:41.156682,7
U0064,A0012,2025-12-09T10:41:41.156684,7
U0064,A0047,2026-02-02T10:41:41.156686,7
U0064,A0021,2026-02-24T10:41:41.156689,7
U0064,A0065,2026-01-19T10:41:41.156691,7
U0064,A0005,2026-01-09T10:41:41.156693,7
U0064,A0069,2025-12-26T10:41:41.156696,7
U0064,A0092,2025-11-28T10:41:41.156698,7
U0064,A0028,2025-11-28T10:41:41.156700,7
U0065,A0051,2026-02-20T10:41:41.157097,6
U0065,A0067,2025-12-14T10:41:41.157100,6
U0065,A0062,2025-12-20T10:41:41.157102,6
U0065,A0003,2025-12-26T10:41:41.157104,6
U0066,A0019,2026-02-16T10:41:41.157502,7
U0066,A0052,2026-02-06T10:41:41.157505,7
U0066,A0031,2025-12-08T10:41:41.157507,6
U0066,A0098,2026-01-27T10:41:41.157510,7
U0066,A0094,2025-12-14T10:41:41.157512,7
U0067,A0023,2026-02-01T10:41:41.157906,7
U0067,A0015,2026-01-22T10:41:41.157909,7
U0067,A0007,2026-02-18T10:41:41.157911,6
U0068,A0006,2026-02-15T10:41:41.158300,7
U0068,A0085,2026-01-13T10:41:41.158302,7
U0068,A0029,2025-12-02T10:41:41.158304,6
U0068,A0095,2026-01-22T10:41:41.158307,7
U0068,A0038,2025-12-07T10:41:41.158309,7
U0069,A0094,2026-01-16T10:41:41.158697,7
U0069,A0019,2026-02-11T10:41:41.158700,7
U0069,A0024,2026-02-24T10:41:41.158702,7
U0069,A0022,2026-02-15T10:41:41.158705,7
U0069,A0031,2026-01-31T10:41:41.158707,6
U0069,A0083,2026-02-05T10:41:41.158709,5
U0069,A0060,2025-12-02T10:41:41.158712,5
U0069,A0087,2025-12-22T10:41:41.158714,5
U0069,A0051,2026-02-04T10:41:41.158716,5
U0069,A0014,2026-01-30T10:41:41.158718,5
U0069,A0036,2026-01-27T10:41:41.158721,5
U0069,A0003,2025-12-09T10:41:41.158723,5
U0069,A0055,2026-02-05T10:41:41.158725,5
U0069,A0045,2026-02-12T10:41:41.158728,5
U0070,A0019,2026-02-08T10:41:41.159190,8
U0070,A0001,2026-02-10T10:41:41.159193,7
U0070,A0040,2026-01-14T10:41:41.159195,8
U0070,A0018,2026-01-11T10:41:41.159197,7
U0070,A0052,2025-12-08T10:41:41.159200,7
U0070,A0098,2025-12-10T10:41:41.159203,8
U0070,A0062,2025-12-31T10:41:41.159206,5
U0070,A0031,2025-12-25T10:41:41.159210,5
U0070,A0086,2026-02-07T10:41:41.159213,5
U0070,A0094,2026-01-15T10:41:41.159215,5
U0070,A0058,2026-01-01T10:41:41.159217,6
U0070,A0084,2026-02-02T10:41:41.159219,5
U0070,A0060,2026-02-01T10:41:41.159222,5
U0070,A0003,2026-02-01T10:41:41.159224,5
U0070,A0025,2026-02-09T10:41:41.159226,5
U0070,A0068,2025-12-09T10:41:41.159229,7
U0070,A0095,2026-02-23T10:41:41.159231,5
U0070,A0013,2026-01-13T10:41:41.159233,5
U0070,A0055,2026-01-25T10:41:41.159235,5
U0070,A0070,2026-01-28T10:41:41.159238,5
U0070,A0063,2025-12-05T10:41:41.159240,5
U0070,A0044,2025-12-04T10:41:41.159242,5
U0071,A0060,2026-01-21T10:41:41.159724,7
U0071,A0044,2026-01-29T10:41:41.159727,7
U0072,A0068,2026-02-24T10:41:41.160128,7
U0072,A0001,2025-12-14T10:41:41.160130,7
U0072,A0018,2026-02-02T10:41:41.160133,7
U0072,A0040,2026-02-02T10:41:41.160137,7
U0072,A0055,2025-12-22T10:41:41.160139,6
U0072,A0095,2025-12-18T10:41:41.160141,6
U0072,A0057,2026-01-20T10:41:41.160144,5
U0072,A0006,2025-12-08T10:41:41.160146,5
U0072,A0086,2025-12-21T10:41:41.160149,5
U0072,A0044,2025-12-28T10:41:41.160151,5
U0072,A0098,2026-01-21T10:41:41.160153,5
U0072,A0085,2026-01-15T10:41:41.160156,5
U0073,A0002,2026-01-06T10:41:41.160579,5
U0073,A0003,2025-12-23T10:41:41.160582,5
U0073,A0063,2026-02-06T10:41:41.160584,5
U0073,A0058,2026-02-01T10:41:41.160586,6
U0073,A0060,2026-02-09T10:41:41.160589,5
U0073,A0009,2026-02-21T10:41:41.160591,5
U0073,A0098,2026-01-23T10:41:41.160593,5
U0073,A0067,2026-01-15T10:41:41.160596,5
U0073,A0020,2026-01-20T10:41:41.160598,4
U0073,A0062,2026-01-03T10:41:41.160601,5
U0074,A0043,2025-12-14T10:41:41.161006,8
U0074,A0065,2025-12-06T10:41:41.161008,7
U0074,A0069,2026-02-05T10:41:41.161011,7
U0074,A0021,2026-01-25T10:41:41.161013,7
U0074,A0028,2026-02-07T10:41:41.161016,7
U0075,A0087,2026-02-11T10:41:41.161419,8
U0075,A0093,2025-12-07T10:41:41.161422,8
U0075,A0067,2026-02-13T10:41:41.161424,7
U0075,A0083,2026-01-13T10:41:41.161427,7
U0075,A0051,2026-01-25T10:41:41.161429,7
U0075,A0026,2026-02-24T10:41:41.161431,5
U0075,A0099,2026-01-09T10:41:41.161433,5
U0075,A0073,2025-12-23T10:41:41.161436,5
U0075,A0019,2025-12-06T10:41:41.161438,5
U0075,A0063,2026-01-29T10:41:41.161440,5
U0075,A0072,2026-01-16T10:41:41.161443,5
U0075,A0008,2025-12-24T10:41:41.161445,5
U0075,A0062,2026-02-05T10:41:41.161447,5
U0075,A0010,2026-01-22T10:41:41.161450,5
U0075,A0092,2026-01-25T10:41:41.161452,5
U0075,A0025,2026-01-11T10:41:41.161454,5
U0075,A0053,2025-12-15T10:41:41.161456,6
U0075,A0024,2026-01-02T10:41:41.161459,6
U0075,A0009,2026-02-14T10:41:41.161461,5
U0075,A0080,2025-12-24T10:41:41.161463,5
U0075,A0095,2026-01-03T10:41:41.161466,5
U0075,A0098,2025-12-18T10:41:41.161468,5
U0075,A0065,2026-02-03T10:41:41.161470,4
U0075,A0044,2026-02-04T10:41:41.161472,4
U0075,A0042,2026-01-15T10:41:41.161475,4
U0075,A0002,2026-02-12T10:41:41.161477,5
U0076,A0063,2026-02-16T10:41:41.161981,8
U0076,A0060,2025-12-31T10:41:41.161984,8
U0076,A0009,2025-12-07T10:41:41.161986,7
U0076,A0025,2025-11-28T10:41:41.161988,7
U0077,A0046,2026-01-02T10:41:41.162388,8
U0077,A0024,2025-11-28T10:41:41.162390,7
U0077,A0022,2026-02-07T10:41:41.162393,7
U0077,A0014,2026-01-10T10:41:41.162395,7
U0077,A0073,2025-12-09T10:41:41.162397,7
U0077,A0077,2026-02-08T10:41:41.162400,7
U0077,A0081,2026-01-28T10:41:41.162402,7
U0077,A0036,2025-12-19T10:41:41.162404,7
U0077,A0027,2025-12-31T10:41:41.162406,7
U0077,A0049,2025-12-22T10:41:41.162409,7
U0077,A0045,2025-12-26T10:41:41.162411,7
U0077,A0053,2025-12-09T10:41:41.162413,5
U0077,A0008,2026-02-18T10:41:41.162415,6
U0077,A0072,2026-01-03T10:41:41.162418,7
U0077,A0050,2025-12-01T10:41:41.162420,5
U0077,A0088,2025-11-28T10:41:41.162423,5
U0077,A0039,2026-02-21T10:41:41.162425,5
U0077,A0033,2026-01-22T10:41:41.162427,4
U0077,A0079,2025-12-20T10:41:41.162430,4
U0077,A0020,2025-12-20T10:41:41.162432,4
U0077,A0094,2026-01-05T10:41:41.162434,4
U0077,A0030,2025-12-11T10:41:41.162437,4
U0077,A0026,2025-11-30T10:41:41.162439,5
U0077,A0054,2026-01-26T10:41:41.162441,4
U0077,A0001,2026-02-02T10:41:41.162443,4
U0077,A0080,2026-02-17T10:41:41.162446,5
U0077,A0097,2025-11-28T10:41:41.162448,4
U0078,A0055,2025-12-22T10:41:41.162938,8
U0078,A0070,2025-12-16T10:41:41.162941,8
U0078,A0086,2025-12-15T10:41:41.162943,8
U0078,A0003,2026-01-19T10:41:41.162946,7
U0079,A0029,2026-02-18T10:41:41.163362,7
U0079,A0013,2025-12-12T10:41:41.163364,7
U0079,A0084,2026-01-09T10:41:41.163367,7
U0079,A0057,2025-12-31T10:41:41.163369,7
U0079,A0050,2026-01-31T10:41:41.163371,7
U0079,A0086,2026-02-01T10:41:41.163374,7
U0079,A0040,2026-02-16T10:41:41.163376,7
U0079,A0018,2025-12-25T10:41:41.163378,7
U0079,A0076,2026-01-19T10:41:41.163380,7
U0079,A0044,2025-12-04T10:41:41.163383,6
U0079,A0055,2026-02-19T10:41:41.163385,7
U0079,A0059,2026-02-22T10:41:41.163387,7
U0079,A0033,2026-01-26T10:41:41.163389,7
U0079,A0001,2025-12-08T10:41:41.163392,7
U0079,A0068,2026-02-15T10:41:41.163394,7
U0079,A0082,2026-02-18T10:41:41.163396,7
U0079,A0098,2026-02-14T10:41:41.163399,5
U0079,A0006,2025-12-13T10:41:41.163407,5
U0079,A0038,2026-01-27T10:41:41.163409,5
U0079,A0009,2026-01-24T10:41:41.163411,5
U0079,A0000,2026-01-08T10:41:41.163414,5
U0080,A0099,2025-12-15T10:41:41.163874,8
U0080,A0057,2026-01-06T10:41:41.163876,8
U0080,A0070,2026-02-22T10:41:41.163879,7
U0080,A0062,2026-01-18T10:41:41.163881,7
U0080,A0076,2026-01-25T10:41:41.163883,7
U0080,A0086,2026-01-09T10:41:41.163886,7
U0080,A0019,2026-01-03T10:41:41.163888,7
U0080,A0068,2026-01-01T10:41:41.163890,7
U0080,A0033,2026-02-20T10:41:41.163910,7
U0080,A0003,2026-01-12T10:41:41.163913,7
U0081,A0052,2026-02-10T10:41:41.164353,9
U0081,A0090,2026-02-03T10:41:41.164356,8
U0081,A0019,2025-12-26T10:41:41.164358,7
U0081,A0002,2026-01-04T10:41:41.164360,7
U0081,A0070,2026-01-05T10:41:41.164363,7
U0081,A0000,2026-02-08T10:41:41.164365,7
U0081,A0099,2026-02-23T10:41:41.164367,7
U0081,A0025,2025-12-15T10:41:41.164370,7
U0081,A0031,2026-02-20T10:41:41.164372,7
U0081,A0062,2025-12-19T10:41:41.164374,7
U0081,A0003,2026-02-07T10:41:41.164376,7
U0081,A0098,2026-02-22T10:41:41.164379,7
U0081,A0060,2026-01-25T10:41:41.164381,7
U0081,A0094,2025-12-07T10:41:41.164383,7
U0081,A0020,2026-02-09T10:41:41.164385,7
U0081,A0058,2025-12-28T10:41:41.164388,7
U0081,A0075,2026-02-17T10:41:41.164390,5
U0082,A0017,2025-12-09T10:41:41.164848,7
U0082,A0091,2026-02-11T10:41:41.164851,7
U0082,A0041,2025-12-07T10:41:41.164854,7
U0082,A0012,2026-01-22T10:41:41.164856,7
U0082,A0054,2025-12-15T10:41:41.164858,7
U0083,A0083,2026-01-31T10:41:41.165272,7
U0083,A0049,2025-12-09T10:41:41.165275,6
U0083,A0067,2025-12-27T10:41:41.165277,7
U0083,A0087,2026-01-17T10:41:41.165280,7
U0083,A0051,2026-01-22T10:41:41.165282,7
U0083,A0036,2026-02-22T10:41:41.165284,6
U0083,A0093,2025-12-22T10:41:41.165286,7
U0083,A0088,2025-12-22T10:41:41.165289,5
U0083,A0073,2026-02-18T10:41:41.165291,5
U0084,A0047,2026-02-16T10:41:41.165725,7
U0084,A0012,2026-01-09T10:41:41.165728,7
U0084,A0028,2025-12-22T10:41:41.165730,7
U0085,A0099,2026-01-22T10:41:41.166156,8
U0085,A0090,2026-01-03T10:41:41.166158,7
U0085,A0071,2026-02-15T10:41:41.166161,7
U0085,A0052,2026-01-19T10:41:41.166163,7
U0085,A0025,2025-12-13T10:41:41.166165,7
U0085,A0031,2025-12-29T10:41:41.166167,7
U0085,A0020,2026-01-21T10:41:41.166170,7
U0085,A0094,2026-01-15T10:41:41.166172,7
U0086,A0055,2026-01-21T10:41:41.166609,7
U0086,A0084,2026-02-05T10:41:41.166612,7
U0086,A0018,2026-01-28T10:41:41.166614,7
U0086,A0013,2025-12-21T10:41:41.166616,7
U0086,A0022,2025-12-04T10:41:41.166619,7
U0086,A0024,2026-01-03T10:41:41.166621,8
U0086,A0042,2026-02-17T10:41:41.166623,6
U0086,A0073,2026-02-02T10:41:41.166627,6
U0086,A0091,2026-02-19T10:41:41.166630,6
U0086,A0088,2025-11-28T10:41:41.166632,6
U0086,A0068,2026-01-13T10:41:41.166634,7
U0086,A0008,2026-02-18T10:41:41.166636,6
U0086,A0001,2025-12-17T10:41:41.166639,7
U0086,A0046,2025-12-08T10:41:41.166641,7
U0086,A0014,2025-12-18T10:41:41.166643,6
U0086,A0085,2026-01-27T10:41:41.166645,5
U0086,A0006,2026-02-21T10:41:41.166647,5
U0086,A0049,2025-12-09T10:41:41.166650,5
U0086,A0040,2026-01-20T10:41:41.166652,7
U0086,A0029,2026-02-16T10:41:41.166654,5
U0086,A0045,2026-01-28T10:41:41.166657,6
U0086,A0036,2026-01-21T10:41:41.166659,5
U0086,A0038,2025-12-01T10:41:41.166661,6
U0086,A0081,2025-12-12T10:41:41.166663,5
U0086,A0050,2026-02-23T10:41:41.166666,6
U0086,A0087,2025-12-12T10:41:41.166684,5
U0086,A0076,2025-12-31T10:41:41.166686,5
U0087,A0009,2026-01-15T10:41:41.167192,7
U0087,A0060,2026-02-19T10:41:41.167195,7
U0087,A0019,2026-01-02T10:41:41.167197,7
U0087,A0090,2025-12-24T10:41:41.167200,7
U0087,A0000,2026-01-14T10:41:41.167202,7
U0087,A0031,2025-12-28T10:41:41.167204,7
U0087,A0094,2025-12-21T10:41:41.167207,7
U0087,A0055,2025-12-08T10:41:41.167209,6
U0087,A0020,2026-01-03T10:41:41.167211,7
U0088,A0024,2026-01-02T10:41:41.167641,7
U0088,A0090,2026-01-07T10:41:41.167644,7
U0088,A0014,2025-12-29T10:41:41.167647,7
U0088,A0094,2025-12-28T10:41:41.167649,8
U0088,A0052,2026-02-09T10:41:41.167652,7
U0088,A0049,2025-12-10T10:41:41.167654,7
U0088,A0009,2026-01-07T10:41:41.167657,7
U0088,A0058,2026-01-02T10:41:41.167659,7
U0088,A0099,2026-01-03T10:41:41.167662,7
U0088,A0003,2025-12-31T10:41:41.167664,7
U0089,A0016,2026-01-09T10:41:41.168117,7
U0089,A0058,2026-02-01T10:41:41.168119,7
U0089,A0052,2025-12-20T10:41:41.168121,7
U0089,A0078,2026-01-07T10:41:41.168124,7
U0089,A0091,2026-02-10T10:41:41.168126,7
U0089,A0002,2026-01-28T10:41:41.168129,7
U0089,A0099,2026-02-04T10:41:41.168131,7
U0089,A0097,2026-01-24T10:41:41.168133,7
U0090,A0067,2025-12-25T10:41:41.168571,8
U0090,A0088,2025-12-02T10:41:41.168574,7
U0090,A0024,2026-01-29T10:41:41.168576,7
U0090,A0093,2025-11-29T10:41:41.168579,7
U0090,A0022,2026-01-20T10:41:41.168581,7
U0090,A0077,2025-12-18T10:41:41.168583,7
U0090,A0014,2026-02-12T10:41:41.168586,7
U0091,A0078,2026-02-01T10:41:41.169073,7
U0091,A0007,2026-01-22T10:41:41.169077,7
U0091,A0040,2026-02-19T10:41:41.169079,8
U0091,A0013,2025-11-27T10:41:41.169082,7
U0091,A0068,2025-12-21T10:41:41.169084,7
U0092,A0084,2026-01-27T10:41:41.169526,7
U0092,A0011,2026-02-14T10:41:41.169529,7
U0092,A0059,2026-01-14T10:41:41.169531,8
U0092,A0055,2025-12-05T10:41:41.169534,7
U0092,A0086,2025-12-18T10:41:41.169536,7
U0092,A0001,2026-02-07T10:41:41.169538,7
U0092,A0097,2025-12-19T10:41:41.169541,7
U0092,A0054,2026-01-06T10:41:41.169543,7
U0092,A0057,2026-01-27T10:41:41.169545,8
U0092,A0013,2026-02-19T10:41:41.169548,7
U0092,A0018,2026-01-20T10:41:41.169550,7
U0092,A0016,2026-02-22T10:41:41.169552,7
U0093,A0068,2026-01-24T10:41:41.169999,8
U0093,A0018,2025-12-24T10:41:41.170002,8
U0093,A0055,2026-01-09T10:41:41.170004,8
U0094,A0098,2025-12-11T10:41:41.170456,7
U0094,A0019,2025-12-21T10:41:41.170459,7
U0094,A0003,2026-02-04T10:41:41.170461,7
U0094,A0052,2026-01-19T10:41:41.170464,8
U0094,A0058,2026-02-04T10:41:41.170466,7
U0095,A0062,2026-01-25T10:41:41.170910,8
U0095,A0049,2026-01-15T10:41:41.170913,8
U0095,A0080,2026-01-02T10:41:41.170915,8
U0095,A0008,2025-12-03T10:41:41.170918,7
U0095,A0053,2026-01-28T10:41:41.170920,7
U0095,A0025,2026-01-07T10:41:41.170923,7
U0095,A0058,2025-12-10T10:41:41.170925,7
U0095,A0099,2026-01-30T10:41:41.170927,7
U0095,A0052,2026-02-23T10:41:41.170930,7
U0095,A0009,2026-02-13T10:41:41.170932,7
U0095,A0003,2026-02-17T10:41:41.170938,7
U0095,A0063,2026-02-17T10:41:41.170940,7
U0095,A0098,2026-02-20T10:41:41.170942,7
U0095,A0072,2025-12-11T10:41:41.170944,7
U0095,A0031,2026-02-18T10:41:41.170949,7
U0095,A0024,2025-12-19T10:41:41.170952,7
U0095,A0070,2025-12-10T10:41:41.170954,7
U0095,A0060,2025-12-11T10:41:41.170956,7
U0095,A0002,2026-01-25T10:41:41.170958,7
U0095,A0045,2026-02-16T10:41:41.170961,7
U0095,A0073,2025-12-16T10:41:41.170963,7
U0096,A0054,2025-12-29T10:41:41.171491,7
U0096,A0017,2026-01-09T10:41:41.171502,7
U0096,A0061,2026-01-25T10:41:41.171505,7
U0096,A0079,2025-12-26T10:41:41.171508,7
U0096,A0016,2025-12-05T10:41:41.171510,7
U0096,A0023,2026-01-19T10:41:41.171513,7
U0096,A0097,2026-02-21T10:41:41.171515,7
U0096,A0030,2025-11-27T10:41:41.171518,7
U0097,A0084,2026-01-06T10:41:41.171949,7
U0097,A0013,2026-02-12T10:41:41.171952,7
U0098,A0052,2025-12-26T10:41:41.172384,8
U0098,A0073,2026-02-23T10:41:41.172386,8
U0098,A0070,2025-12-28T10:41:41.172389,8
U0098,A0029,2026-02-10T10:41:41.172391,7
U0099,A0094,2025-11-29T10:41:41.172848,8
U0099,A0098,2025-12-10T10:41:41.172851,7
U0099,A0040,2025-12-11T10:41:41.172853,7
U0100,A0067,2025-12-25T10:41:41.173340,7
U0100,A0087,2025-12-06T10:41:41.173343,7
U0100,A0093,2026-02-23T10:41:41.173346,7
U0100,A0083,2026-01-24T10:41:41.173348,7
U0100,A0051,2025-12-14T10:41:41.173351,7
U0101,A0040,2026-02-05T10:41:41.173771,8
U0101,A0068,2026-01-30T10:41:41.173774,7
U0101,A0001,2026-01-27T10:41:41.173776,7
U0101,A0018,2026-01-08T10:41:41.173778,7
U0101,A0093,2025-12-30T10:41:41.173781,6
U0101,A0029,2025-11-30T10:41:41.173783,5
U0101,A0084,2026-01-02T10:41:41.173785,5
U0101,A0024,2026-02-13T10:41:41.173787,7
U0101,A0072,2025-12-25T10:41:41.173790,5
U0101,A0026,2026-02-18T10:41:41.173792,5
U0101,A0053,2025-12-29T10:41:41.173794,5
U0101,A0006,2026-01-27T10:41:41.173797,5
U0102,A0093,2026-02-09T10:41:41.174258,8
U0102,A0083,2025-12-24T10:41:41.174260,7
U0102,A0073,2025-12-16T10:41:41.174262,7
U0103,A0008,2026-02-22T10:41:41.174666,8
U0103,A0027,2026-01-07T10:41:41.174668,8
U0103,A0067,2026-02-19T10:41:41.174671,7
U0103,A0053,2026-01-19T10:41:41.174673,8
U0103,A0081,2025-12-16T10:41:41.174676,8
U0103,A0083,2026-02-21T10:41:41.174678,7
U0103,A0051,2026-02-02T10:41:41.174680,7
U0103,A0073,2026-02-01T10:41:41.174682,7
U0103,A0077,2026-01-22T10:41:41.174685,7
U0103,A0049,2026-02-23T10:41:41.174687,7
U0103,A0022,2026-01-02T10:41:41.174690,7
U0103,A0036,2026-01-10T10:41:41.174692,7
U0103,A0093,2026-01-17T10:41:41.174694,7
U0103,A0072,2025-12-25T10:41:41.174697,7
U0103,A0026,2026-01-22T10:41:41.174699,8
U0103,A0087,2025-12-29T10:41:41.174701,7
U0103,A0080,2026-01-04T10:41:41.174704,7
U0103,A0088,2025-11-28T10:41:41.174706,7
U0103,A0045,2025-12-09T10:41:41.174708,7
U0103,A0014,2026-01-12T10:41:41.174711,7
U0103,A0024,2026-02-19T10:41:41.174713,7
U0103,A0046,2025-12-12T10:41:41.174715,7
U0103,A0057,2026-02-22T10:41:41.174718,5
U0103,A0071,2026-01-23T10:41:41.174720,5
U0103,A0054,2026-02-14T10:41:41.174722,5
U0103,A0076,2025-12-05T10:41:41.174724,4
U0103,A0085,2025-12-22T10:41:41.174727,4
U0104,A0098,2026-01-07T10:41:41.175228,7
U0104,A0068,2026-01-03T10:41:41.175231,7
U0104,A0001,2025-12-16T10:41:41.175233,7
U0105,A0040,2025-12-19T10:41:41.175656,7
U0105,A0059,2026-01-22T10:41:41.175659,7
U0105,A0030,2025-12-06T10:41:41.175670,7
U0105,A0037,2025-12-05T10:41:41.175673,7
U0105,A0015,2026-02-09T10:41:41.175675,7
U0106,A0040,2026-01-01T10:41:41.176101,8
U0106,A0076,2025-12-21T10:41:41.176104,7
U0106,A0082,2026-01-17T10:41:41.176106,7
U0106,A0033,2026-02-12T10:41:41.176108,7
U0106,A0001,2025-12-18T10:41:41.176111,7
U0107,A0070,2025-12-29T10:41:41.176555,8
U0107,A0063,2026-01-06T10:41:41.176557,8
U0107,A0060,2025-12-15T10:41:41.176560,8
U0107,A0002,2026-01-22T10:41:41.176562,8
U0107,A0041,2026-02-10T10:41:41.176564,7
U0107,A0012,2025-12-15T10:41:41.176567,7
U0107,A0090,2025-12-28T10:41:41.176569,7
U0107,A0031,2026-01-04T10:41:41.176571,7
U0107,A0079,2025-12-28T10:41:41.176574,7
U0107,A0019,2025-12-27T10:41:41.176576,7
U0107,A0007,2025-12-01T10:41:41.176578,8
U0107,A0052,2025-12-31T10:41:41.176580,7
U0107,A0035,2026-02-17T10:41:41.176583,7
U0107,A0043,2026-02-23T10:41:41.176585,7
U0107,A0061,2026-01-06T10:41:41.176587,7
U0107,A0058,2026-01-20T10:41:41.176590,7
U0107,A0047,2026-01-27T10:41:41.176592,7
U0108,A0077,2025-12-20T10:41:41.177072,8
U0108,A0026,2025-12-23T10:41:41.177075,7
U0109,A0035,2025-12-27T10:41:41.177488,8
U0109,A0064,2025-12-20T10:41:41.177490,8
U0109,A0060,2025-12-23T10:41:41.177493,7
U0109,A0090,2026-02-03T10:41:41.177495,7
U0109,A0066,2025-12-09T10:41:41.177497,7
U0110,A0022,2026-01-10T10:41:41.177934,7
U0110,A0080,2026-01-14T10:41:41.177938,7
U0110,A0027,2025-12-18T10:41:41.177940,7
U0110,A0014,2025-12-23T10:41:41.177943,7
U0110,A0036,2026-02-18T10:41:41.177945,7
U0110,A0008,2025-12-11T10:41:41.177947,7
U0110,A0083,2026-01-21T10:41:41.177950,6
U0110,A0088,2025-12-05T10:41:41.177952,7
U0111,A0061,2026-01-01T10:41:41.178417,7
U0111,A0011,2026-01-13T10:41:41.178420,7
U0111,A0030,2026-01-28T10:41:41.178422,7
U0111,A0054,2026-01-25T10:41:41.178424,7
U0112,A0018,2025-11-30T10:41:41.178865,7
U0112,A0024,2025-12-10T10:41:41.178868,7
U0112,A0040,2026-02-06T10:41:41.178871,7
U0112,A0001,2026-01-17T10:41:41.178873,7
U0112,A0051,2025-12-24T10:41:41.178881,5
U0112,A0008,2026-01-03T10:41:41.178884,5
U0112,A0006,2025-12-15T10:41:41.178886,6
U0112,A0068,2025-12-16T10:41:41.178888,7
U0112,A0021,2025-12-01T10:41:41.178890,5
U0112,A0007,2026-01-28T10:41:41.178893,5
U0112,A0055,2026-01-18T10:41:41.178895,5
U0112,A0067,2026-02-16T10:41:41.178897,5
U0112,A0088,2026-02-19T10:41:41.178899,5
U0112,A0010,2026-01-27T10:41:41.178902,6
U0113,A0013,2026-02-12T10:41:41.179403,8
U0113,A0001,2025-12-17T10:41:41.179406,8
U0113,A0057,2026-01-05T10:41:41.179408,7
U0113,A0040,2026-01-05T10:41:41.179411,7
U0113,A0029,2025-12-12T10:41:41.179413,7
U0113,A0086,2026-02-05T10:41:41.179416,7
U0114,A0088,2026-02-02T10:41:41.179841,7
U0114,A0080,2025-12-07T10:41:41.179844,7
U0114,A0045,2026-01-15T10:41:41.179846,7
U0114,A0049,2026-01-11T10:41:41.179849,8
U0115,A0099,2025-12-05T10:41:41.180273,8
U0115,A0098,2026-01-17T10:41:41.180276,7
U0115,A0070,2026-01-25T10:41:41.180278,7
U0115,A0094,2026-01-11T10:41:41.180280,8
U0115,A0025,2026-01-21T10:41:41.180283,7
U0115,A0071,2026-02-17T10:41:41.180285,7
U0115,A0035,2025-11-27T10:41:41.180287,7
U0115,A0063,2026-01-16T10:41:41.180289,7
U0115,A0000,2025-12-23T10:41:41.180292,7
U0115,A0090,2026-01-04T10:41:41.180294,7
U0115,A0003,2026-02-02T10:41:41.180296,7
U0115,A0031,2026-01-12T10:41:41.180299,7
U0116,A0051,2026-01-22T10:41:41.180771,8
U0116,A0093,2026-01-24T10:41:41.180774,7
U0116,A0067,2026-01-12T10:41:41.180777,7
U0116,A0083,2025-12-12T10:41:41.180779,7
U0116,A0072,2025-12-03T10:41:41.180781,6
U0116,A0087,2025-12-21T10:41:41.180783,7
U0117,A0042,2026-02-11T10:41:41.181221,9
U0117,A0021,2025-12-28T10:41:41.181223,8
U0117,A0043,2025-12-09T10:41:41.181226,8
U0117,A0010,2026-02-20T10:41:41.181228,7
U0117,A0038,2025-12-31T10:41:41.181230,7
U0117,A0069,2025-12-04T10:41:41.181233,7
U0117,A0012,2025-12-27T10:41:41.181235,8
U0117,A0085,2026-02-21T10:41:41.181237,7
U0117,A0044,2026-02-16T10:41:41.181240,7
U0118,A0044,2026-02-18T10:41:41.181707,7
U0118,A0051,2026-02-05T10:41:41.181709,7
U0118,A0095,2026-01-11T10:41:41.181712,8
U0118,A0047,2025-12-01T10:41:41.181714,7
U0118,A0006,2026-01-19T10:41:41.181716,7
U0118,A0021,2025-12-14T10:41:41.181719,7
U0118,A0010,2025-12-26T10:41:41.181721,7
U0118,A0092,2026-02-04T10:41:41.181730,7
U0118,A0069,2025-11-29T10:41:41.181733,7
U0118,A0042,2025-12-06T10:41:41.181740,7
U0118,A0057,2026-01-26T10:41:41.181742,6
U0118,A0043,2025-11-29T10:41:41.181745,7
U0118,A0028,2025-12-07T10:41:41.181747,7
U0118,A0083,2026-02-02T10:41:41.181749,7
U0119,A0096,2025-12-08T10:41:41.182236,7
U0119,A0039,2026-01-23T10:41:41.182239,7
U0119,A0056,2025-12-20T10:41:41.182241,7
U0119,A0075,2026-02-21T10:41:41.182243,7
U0119,A0066,2026-01-15T10:41:41.182245,7
U0119,A0034,2026-01-26T10:41:41.182248,7
U0119,A0032,2026-02-11T10:41:41.182250,7
U0119,A0060,2026-01-07T10:41:41.182252,6
U0119,A0004,2026-02-20T10:41:41.182255,7
U0119,A0089,2026-02-08T10:41:41.182257,7
U0119,A0064,2026-02-08T10:41:41.182259,7
U0119,A0036,2025-12-29T10:41:41.182261,5
U0119,A0058,2025-12-05T10:41:41.182264,5
U0119,A0009,2026-01-17T10:41:41.182266,5
U0119,A0008,2026-01-25T10:41:41.182268,5
U0119,A0053,2026-01-24T10:41:41.182270,5
U0119,A0027,2026-02-18T10:41:41.182273,5
U0119,A0094,2026-01-28T10:41:41.182275,5
U0119,A0031,2025-12-30T10:41:41.182277,5
U0120,A0098,2026-01-28T10:41:41.182791,8
U0120,A0019,2026-01-29T10:41:41.182794,8
U0121,A0059,2025-12-24T10:41:41.183203,8
U0121,A0013,2026-02-18T10:41:41.183205,8
U0121,A0040,2026-01-17T10:41:41.183208,7
U0121,A0033,2025-11-27T10:41:41.183210,7
U0121,A0086,2026-02-16T10:41:41.183213,7
U0121,A0029,2025-12-25T10:41:41.183215,7
U0121,A0018,2026-02-14T10:41:41.183218,7
U0121,A0084,2026-02-23T10:41:41.183220,7
U0122,A0050,2026-01-12T10:41:41.183675,7
U0122,A0027,2026-01-12T10:41:41.183678,7
U0122,A0022,2025-12-06T10:41:41.183680,7
U0123,A0001,2026-02-16T10:41:41.184120,8
U0123,A0044,2025-12-19T10:41:41.184123,7
U0123,A0068,2025-12-27T10:41:41.184125,7
U0123,A0006,2026-02-20T10:41:41.184128,7
U0123,A0040,2025-11-30T10:41:41.184130,7
U0123,A0095,2025-12-20T10:41:41.184133,8
U0123,A0018,2025-12-10T10:41:41.184135,7
U0123,A0084,2026-01-20T10:41:41.184137,5
U0123,A0038,2026-02-15T10:41:41.184144,7
U0123,A0085,2026-02-24T10:41:41.184147,7
U0123,A0057,2025-12-24T10:41:41.184149,5
U0123,A0055,2025-12-13T10:41:41.184151,5
U0123,A0083,2026-02-09T10:41:41.184154,5
U0123,A0051,2026-02-10T10:41:41.184156,4
U0123,A0087,2026-01-02T10:41:41.184158,4
U0123,A0069,2026-02-09T10:41:41.184161,4
U0123,A0067,2026-02-15T10:41:41.184163,4
U0123,A0065,2026-01-17T10:41:41.184165,4
U0123,A0013,2026-01-04T10:41:41.184167,5
U0123,A0086,2026-01-23T10:41:41.184172,5
U0123,A0021,2026-01-23T10:41:41.184174,4
U0123,A0024,2026-01-07T10:41:41.184178,4
U0123,A0059,2025-12-03T10:41:41.184181,4
U0123,A0042,2026-02-14T10:41:41.184185,4
U0123,A0029,2026-02-11T10:41:41.184187,5
U0123,A0005,2025-12-12T10:41:41.184190,4
U0123,A0098,2025-12-22T10:41:41.184192,4
U0123,A0093,2026-01-25T10:41:41.184194,4
U0123,A0043,2026-02-17T10:41:41.184197,4
U0123,A0012,2025-12-13T10:41:41.184199,4
U0124,A0033,2026-02-09T10:41:41.184722,8
U0124,A0035,2025-12-06T10:41:41.184724,7
U0124,A0071,2025-12-06T10:41:41.184727,7
U0124,A0068,2025-12-18T10:41:41.184729,7
U0125,A0094,2025-12-30T10:41:41.185175,8
U0125,A0058,2025-12-16T10:41:41.185178,8
U0125,A0016,2026-02-17T10:41:41.185180,8
U0125,A0067,2026-01-14T10:41:41.185183,8
U0125,A0007,2026-02-08T10:41:41.185185,7
U0126,A0054,2025-12-16T10:41:41.185660,8
U0126,A0078,2026-02-18T10:41:41.185663,8
U0126,A0007,2026-01-19T10:41:41.185665,7
U0126,A0011,2026-01-10T10:41:41.185667,7
U0126,A0091,2026-02-21T10:41:41.185670,7
U0126,A0097,2026-01-11T10:41:41.185672,7
U0126,A0079,2026-02-04T10:41:41.185674,7
U0126,A0017,2026-02-13T10:41:41.185677,7
U0126,A0030,2026-02-16T10:41:41.185679,8
U0126,A0042,2026-02-06T10:41:41.185681,6
U0127,A0054,2025-12-24T10:41:41.186118,7
U0127,A0007,2025-12-21T10:41:41.186121,7
U0127,A0017,2026-01-27T10:41:41.186123,7
U0127,A0030,2026-01-22T10:41:41.186126,7
U0127,A0061,2025-11-28T10:41:41.186128,7
U0128,A0033,2025-12-19T10:41:41.186569,8
U0128,A0079,2026-01-28T10:41:41.186572,7
U0128,A0029,2026-01-05T10:41:41.186574,8
U0128,A0082,2025-12-15T10:41:41.186576,7
U0128,A0030,2025-12-27T10:41:41.186579,7
U0128,A0017,2026-01-16T10:41:41.186581,7
U0128,A0040,2025-12-28T10:41:41.186584,7
U0128,A0054,2025-12-26T10:41:41.186586,7
U0128,A0059,2025-12-23T10:41:41.186588,7
U0128,A0007,2026-01-23T10:41:41.186591,7
U0129,A0022,2026-01-09T10:41:41.187053,6
U0129,A0039,2025-12-07T10:41:41.187056,7
U0129,A0053,2025-12-26T10:41:41.187058,5
U0129,A0072,2026-02-11T10:41:41.187060,5
U0129,A0049,2025-12-01T10:41:41.187063,5
U0130,A0007,2025-12-26T10:41:41.187496,8
U0130,A0024,2025-12-19T10:41:41.187499,8
U0130,A0088,2025-12-11T10:41:41.187501,8
U0130,A0011,2026-01-29T10:41:41.187503,7
U0130,A0026,2026-01-12T10:41:41.187506,7
U0130,A0097,2026-02-22T10:41:41.187508,7
U0130,A0073,2026-01-11T10:41:41.187511,7
U0130,A0045,2025-12-01T10:41:41.187513,8
U0130,A0016,2025-12-04T10:41:41.187515,7
U0130,A0053,2025-11-29T10:41:41.187518,7
U0130,A0072,2026-02-01T10:41:41.187520,7
U0131,A0001,2025-12-21T10:41:41.187985,7
U0131,A0040,2025-12-16T10:41:41.187988,7
U0132,A0078,2026-02-21T10:41:41.188395,7
U0132,A0005,2026-02-13T10:41:41.188398,6
U0132,A0047,2026-02-20T10:41:41.188400,6
U0132,A0007,2026-01-08T10:41:41.188402,6
U0132,A0097,2026-01-08T10:41:41.188405,5
U0133,A0068,2026-02-16T10:41:41.188817,7
U0133,A0018,2026-02-08T10:41:41.188820,7
U0133,A0040,2026-01-05T10:41:41.188823,7
U0133,A0001,2025-12-05T10:41:41.188826,7
U0133,A0013,2025-12-25T10:41:41.188828,5
U0133,A0084,2025-12-03T10:41:41.188830,5
U0133,A0057,2026-01-01T10:41:41.188833,5
U0133,A0085,2026-01-22T10:41:41.188835,5
U0133,A0029,2025-12-05T10:41:41.188837,5
U0133,A0038,2026-01-23T10:41:41.188840,5
U0133,A0086,2025-12-09T10:41:41.188842,5
U0133,A0095,2026-01-22T10:41:41.188844,5
U0134,A0031,2026-02-15T10:41:41.189285,5
U0134,A0099,2026-02-02T10:41:41.189288,5
U0134,A0044,2026-02-14T10:41:41.189291,5
U0134,A0019,2025-11-27T10:41:41.189293,5
U0134,A0003,2025-12-20T10:41:41.189295,5
U0134,A0095,2026-02-13T10:41:41.189298,5
U0134,A0002,2026-01-06T10:41:41.189300,5
U0134,A0051,2025-12-28T10:41:41.189302,5
U0134,A0025,2025-11-28T10:41:41.189309,5
U0134,A0063,2025-12-10T10:41:41.189312,5
U0134,A0042,2026-01-30T10:41:41.189314,4
U0134,A0058,2026-02-01T10:41:41.189316,5
U0134,A0010,2026-01-25T10:41:41.189319,4
U0134,A0065,2026-01-09T10:41:41.189321,4
U0134,A0038,2026-01-31T10:41:41.189323,4
U0134,A0093,2025-12-13T10:41:41.189326,4
U0134,A0070,2026-01-26T10:41:41.189328,5
U0134,A0064,2025-11-27T10:41:41.189330,4
U0134,A0098,2026-01-26T10:41:41.189333,5
U0134,A0009,2026-02-22T10:41:41.189335,5
U0134,A0083,2025-12-06T10:41:41.189337,4
U0134,A0092,2026-01-08T10:41:41.189340,4
U0134,A0052,2026-01-21T10:41:41.189342,5
U0134,A0062,2025-12-19T10:41:41.189344,5
U0134,A0028,2026-01-19T10:41:41.189346,4
U0134,A0085,2025-12-12T10:41:41.189349,4
U0134,A0087,2025-11-27T10:41:41.189351,4
U0134,A0005,2026-01-15T10:41:41.189353,4
U0134,A0060,2026-02-14T10:41:41.189356,5
U0135,A0018,2025-12-14T10:41:41.189862,7
U0135,A0001,2025-12-02T10:41:41.189865,8
U0135,A0068,2025-12-28T10:41:41.189868,7
U0135,A0033,2026-01-19T10:41:41.189870,7
U0135,A0059,2025-12-19T10:41:41.189872,7
U0135,A0040,2025-12-01T10:41:41.189875,7
U0135,A0084,2025-12-08T10:41:41.189877,7
U0135,A0055,2026-02-02T10:41:41.189879,7
U0135,A0029,2026-01-10T10:41:41.189882,7
U0135,A0086,2026-02-19T10:41:41.189884,7
U0136,A0052,2025-12-29T10:41:41.190320,8
U0136,A0063,2026-01-14T10:41:41.190322,7
U0136,A0025,2026-01-29T10:41:41.190325,7
U0136,A0070,2025-12-19T10:41:41.190327,7
U0136,A0002,2026-01-16T10:41:41.190329,7
U0137,A0082,2026-02-06T10:41:41.190786,8
U0137,A0058,2026-01-23T10:41:41.190788,7
U0137,A0098,2026-01-05T10:41:41.190791,7
U0137,A0094,2026-02-02T10:41:41.190793,7
U0137,A0040,2026-01-05T10:41:41.190796,7
U0137,A0070,2025-12-25T10:41:41.190798,8
U0137,A0035,2026-02-14T10:41:41.190801,7
U0137,A0003,2025-12-06T10:41:41.190803,7
U0137,A0099,2026-01-24T10:41:41.190805,7
U0137,A0071,2026-02-04T10:41:41.190808,7
U0137,A0055,2026-02-23T10:41:41.190810,7
U0137,A0062,2026-02-07T10:41:41.190812,7
U0137,A0031,2026-01-15T10:41:41.190815,7
U0137,A0025,2026-01-24T10:41:41.190817,7
U0137,A0063,2026-01-23T10:41:41.190819,7
U0137,A0060,2026-02-04T10:41:41.190822,7
U0138,A0060,2025-12-14T10:41:41.191317,5
U0138,A0067,2026-01-26T10:41:41.191320,5
U0138,A0051,2026-01-10T10:41:41.191322,5
U0139,A0076,2025-12-15T10:41:41.191743,8
U0139,A0013,2025-12-02T10:41:41.191745,7
U0139,A0001,2026-01-20T10:41:41.191748,7
U0139,A0059,2026-02-01T10:41:41.191750,7
U0139,A0031,2026-02-17T10:41:41.191752,7
U0139,A0052,2025-11-29T10:41:41.191755,7
U0139,A0070,2026-01-11T10:41:41.191757,7
U0139,A0098,2026-01-10T10:41:41.191759,7
U0139,A0020,2025-11-29T10:41:41.191762,7
U0139,A0029,2025-12-03T10:41:41.191764,7
U0139,A0009,2026-01-11T10:41:41.191766,7
U0139,A0040,2026-01-12T10:41:41.191768,7
U0139,A0062,2026-01-27T10:41:41.191771,7
U0139,A0025,2025-11-30T10:41:41.191773,7
U0139,A0058,2026-01-15T10:41:41.191775,7
U0139,A0019,2026-01-21T10:41:41.191778,7
U0139,A0071,2026-01-19T10:41:41.191780,7
U0139,A0050,2026-02-20T10:41:41.191782,7
U0139,A0033,2025-12-29T10:41:41.191785,7
U0139,A0055,2025-12-20T10:41:41.191787,7
U0140,A0012,2026-01-13T10:41:41.192322,8
U0140,A0038,2025-12-04T10:41:41.192325,7
U0141,A0029,2026-02-04T10:41:41.192770,7
U0141,A0018,2025-11-29T10:41:41.192773,7
U0142,A0038,2026-01-27T10:41:41.193213,9
U0142,A0005,2025-12-01T10:41:41.193216,7
U0142,A0042,2026-02-04T10:41:41.193227,8
U0142,A0012,2025-12-26T10:41:41.193229,7
U0142,A0044,2026-01-29T10:41:41.193232,7
U0142,A0043,2026-01-12T10:41:41.193234,7
U0142,A0041,2025-12-23T10:41:41.193237,7
U0142,A0095,2026-02-09T10:41:41.193239,7
U0142,A0016,2026-02-06T10:41:41.193241,6
U0142,A0021,2026-01-09T10:41:41.193244,7
U0142,A0065,2026-01-06T10:41:41.193246,7
U0142,A0011,2025-12-25T10:41:41.193248,6
U0143,A0050,2026-01-31T10:41:41.193718,7
U0143,A0026,2025-12-14T10:41:41.193721,7
U0144,A0052,2026-02-08T10:41:41.194164,8
U0144,A0024,2025-12-09T10:41:41.194167,8
U0144,A0060,2026-01-21T10:41:41.194169,6
U0144,A0073,2026-02-02T10:41:41.194172,6
U0144,A0045,2025-12-27T10:41:41.194174,6
U0144,A0002,2026-02-18T10:41:41.194176,6
U0144,A0019,2026-02-07T10:41:41.194179,7
U0144,A0098,2026-02-16T10:41:41.194181,7
U0144,A0051,2026-01-11T10:41:41.194183,6
U0144,A0067,2026-02-17T10:41:41.194186,6
U0144,A0093,2025-12-04T10:41:41.194188,5
U0144,A0003,2026-02-12T10:41:41.194190,6
U0144,A0000,2026-01-29T10:41:41.194192,5
U0144,A0009,2026-01-23T10:41:41.194195,5
U0144,A0088,2026-01-27T10:41:41.194197,6
U0145,A0032,2026-01-16T10:41:41.194708,9
U0145,A0034,2026-01-17T10:41:41.194711,8
U0145,A0090,2026-01-04T10:41:41.194713,7
U0145,A0096,2025-12-31T10:41:41.194716,8
U0145,A0071,2026-01-05T10:41:41.194718,7
U0145,A0003,2026-01-07T10:41:41.194720,8
U0145,A0009,2025-12-09T10:41:41.194723,7
U0145,A0075,2026-01-16T10:41:41.194725,7
U0145,A0094,2025-11-28T10:41:41.194727,8
U0146,A0068,2025-12-02T10:41:41.195189,7
U0146,A0050,2025-12-20T10:41:41.195192,7
U0146,A0086,2026-02-23T10:41:41.195195,8
U0146,A0001,2025-12-17T10:41:41.195197,7
U0146,A0018,2026-01-30T10:41:41.195199,7
U0146,A0076,2026-01-19T10:41:41.195202,7
U0146,A0057,2025-12-06T10:41:41.195204,7
U0146,A0059,2025-12-14T10:41:41.195207,7
U0146,A0082,2025-12-04T10:41:41.195209,7
U0146,A0029,2026-02-10T10:41:41.195211,8
U0146,A0040,2026-02-02T10:41:41.195213,7
U0147,A0028,2026-01-03T10:41:41.195662,7
U0147,A0012,2025-12-23T10:41:41.195664,8
U0147,A0043,2025-11-28T10:41:41.195667,7
U0147,A0092,2026-01-04T10:41:41.195669,7
U0147,A0061,2025-12-27T10:41:41.195671,6
U0147,A0010,2025-12-30T10:41:41.195674,7
U0147,A0065,2026-01-02T10:41:41.195676,7
U0148,A0026,2026-02-15T10:41:41.196133,8
U0148,A0091,2026-02-21T10:41:41.196136,8
U0148,A0060,2025-12-22T10:41:41.196138,7
U0148,A0003,2026-02-13T10:41:41.196141,7
U0148,A0052,2026-02-07T10:41:41.196143,7
U0148,A0002,2026-01-23T10:41:41.196145,7
U0148,A0011,2026-01-04T10:41:41.196147,7
U0148,A0053,2026-01-17T10:41:41.196150,7
U0149,A0018,2026-01-22T10:41:41.196629,7
U0149,A0085,2026-02-13T10:41:41.196631,7
U0149,A0038,2026-01-12T10:41:41.196634,7
U0149,A0040,2025-12-13T10:41:41.196636,7
U0149,A0044,2026-02-14T10:41:41.196638,7
U0149,A0068,2026-02-08T10:41:41.196641,7
U0149,A0095,2026-01-19T10:41:41.196643,7
U0149,A0084,2026-02-06T10:41:41.196646,8
U0149,A0006,2026-01-02T10:41:41.196648,7
U0150,A0065,2025-12-18T10:41:41.197098,7
U0150,A0041,2026-01-22T10:41:41.197101,7
U0150,A0005,2025-12-19T10:41:41.197103,7
U0150,A0010,2025-12-15T10:41:41.197105,7
U0150,A0044,2025-12-09T10:41:41.197108,7
U0150,A0038,2026-02-14T10:41:41.197110,7
U0150,A0092,2025-12-11T10:41:41.197112,8
U0150,A0042,2025-12-01T10:41:41.197115,7
U0150,A0095,2025-12-11T10:41:41.197117,7
U0151,A0082,2026-01-29T10:41:41.197591,8
U0151,A0007,2026-02-22T10:41:41.197594,7
U0151,A0076,2026-01-28T10:41:41.197596,7
U0151,A0059,2026-02-08T10:41:41.197601,7
U0151,A0033,2026-01-16T10:41:41.197603,7
U0151,A0050,2025-12-19T10:41:41.197606,7
U0152,A0019,2025-12-05T10:41:41.198059,7
U0153,A0040,2026-01-02T10:41:41.198502,8
U0153,A0086,2026-02-23T10:41:41.198505,8
U0153,A0044,2026-01-07T10:41:41.198507,7
U0153,A0090,2025-12-30T10:41:41.198510,7
U0153,A0035,2025-12-24T10:41:41.198512,7
U0154,A0018,2025-12-08T10:41:41.198972,7
U0154,A0055,2026-02-23T10:41:41.198974,7
U0154,A0024,2026-01-16T10:41:41.198977,7
U0154,A0040,2025-12-29T10:41:41.198979,7
U0154,A0001,2025-12-12T10:41:41.198981,7
U0154,A0049,2025-12-17T10:41:41.198984,6
U0154,A0084,2026-01-07T10:41:41.198986,7
U0154,A0027,2026-01-09T10:41:41.198988,5
U0154,A0013,2025-12-30T10:41:41.198991,5
U0155,A0043,2026-02-17T10:41:41.199440,7
U0155,A0012,2025-12-25T10:41:41.199442,7
U0155,A0065,2026-01-26T10:41:41.199475,7
U0155,A0028,2026-02-07T10:41:41.199477,7
U0155,A0042,2026-01-20T10:41:41.199480,7
U0155,A0005,2025-12-10T10:41:41.199482,7
U0155,A0047,2026-02-16T10:41:41.199485,7
U0156,A0057,2025-12-02T10:41:41.199935,7
U0156,A0068,2026-01-30T10:41:41.199937,7
U0156,A0018,2025-11-29T10:41:41.199940,7
U0156,A0086,2026-01-23T10:41:41.199942,7
U0156,A0013,2026-02-22T10:41:41.199944,7
U0156,A0040,2026-01-12T10:41:41.199947,7
U0156,A0060,2025-12-26T10:41:41.199949,6
U0156,A0076,2026-01-29T10:41:41.199951,6
U0156,A0029,2026-01-04T10:41:41.199953,7
U0157,A0068,2026-01-03T10:41:41.200425,8
U0157,A0018,2025-11-29T10:41:41.200427,8
U0157,A0040,2026-01-05T10:41:41.200430,7
U0157,A0024,2025-12-23T10:41:41.200432,8
U0157,A0092,2025-12-27T10:41:41.200434,6
U0157,A0057,2026-01-10T10:41:41.200437,6
U0157,A0001,2026-02-06T10:41:41.200439,7
U0157,A0053,2025-12-25T10:41:41.200441,6
U0157,A0012,2026-02-24T10:41:41.200444,6
U0157,A0067,2025-12-30T10:41:41.200446,6
U0158,A0031,2025-12-11T10:41:41.200935,8
U0158,A0002,2026-02-20T10:41:41.200938,7
U0158,A0093,2025-12-05T10:41:41.200940,7
U0159,A0055,2026-02-08T10:41:41.201386,8
U0159,A0059,2026-02-07T10:41:41.201389,7
U0159,A0095,2026-01-22T10:41:41.201391,7
U0159,A0076,2026-02-08T10:41:41.201394,7
U0159,A0068,2026-01-09T10:41:41.201396,7
U0160,A0093,2026-01-05T10:41:41.201830,7
U0160,A0087,2026-01-01T10:41:41.201833,7
U0160,A0083,2026-01-11T10:41:41.201835,7
U0160,A0067,2025-12-02T10:41:41.201837,7
U0160,A0038,2026-02-08T10:41:41.201839,5
U0160,A0051,2025-12-07T10:41:41.201842,7
U0160,A0045,2026-01-17T10:41:41.201844,5
U0160,A0072,2025-12-20T10:41:41.201846,5
U0160,A0049,2026-01-30T10:41:41.201849,5
U0160,A0042,2026-02-19T10:41:41.201851,5
U0160,A0047,2026-01-11T10:41:41.201853,5
U0160,A0080,2026-02-10T10:41:41.201856,5
U0160,A0026,2025-12-28T10:41:41.201858,5
U0160,A0008,2026-02-09T10:41:41.201860,6
U0160,A0073,2025-12-11T10:41:41.201862,5
U0160,A0005,2025-12-27T10:41:41.201865,4
U0160,A0085,2026-02-05T10:41:41.201867,4
U0160,A0095,2026-01-13T10:41:41.201869,4
U0160,A0044,2026-02-16T10:41:41.201871,4
U0160,A0069,2026-02-01T10:41:41.201874,4
U0161,A0024,2026-01-09T10:41:41.202410,7
U0161,A0093,2026-02-08T10:41:41.202413,7
U0161,A0022,2025-11-28T10:41:41.202416,7
U0162,A0042,2025-12-25T10:41:41.202850,8
U0162,A0021,2025-12-25T10:41:41.202853,7
U0162,A0005,2026-01-20T10:41:41.202855,7
U0162,A0043,2026-01-25T10:41:41.202858,8
U0162,A0047,2025-12-30T10:41:41.202869,8
U0163,A0081,2025-12-25T10:41:41.203308,8
U0163,A0026,2025-12-20T10:41:41.203311,8
U0163,A0027,2026-01-13T10:41:41.203314,8
U0163,A0072,2026-01-27T10:41:41.203316,7
U0163,A0022,2025-12-29T10:41:41.203318,7
U0164,A0055,2026-02-01T10:41:41.203779,8
U0164,A0054,2025-12-16T10:41:41.203782,8
U0164,A0013,2026-02-12T10:41:41.203784,8
U0164,A0040,2026-01-09T10:41:41.203786,7
U0165,A0007,2025-12-30T10:41:41.204237,6
U0165,A0023,2025-12-04T10:41:41.204239,5
U0166,A0094,2026-01-08T10:41:41.204658,6
U0166,A0096,2026-01-18T10:41:41.204660,6
U0166,A0000,2026-01-25T10:41:41.204663,5
U0166,A0035,2025-12-04T10:41:41.204665,5
U0166,A0032,2026-02-14T10:41:41.204667,6
U0166,A0071,2025-12-22T10:41:41.204670,5
U0166,A0099,2025-12-18T10:41:41.204672,5
U0166,A0089,2026-01-04T10:41:41.204674,5
U0166,A0056,2026-01-16T10:41:41.204676,5
U0166,A0031,2026-01-09T10:41:41.204679,5
U0166,A0019,2025-12-10T10:41:41.204681,5
U0166,A0064,2026-01-21T10:41:41.204683,5
U0166,A0060,2025-12-28T10:41:41.204686,5
U0166,A0004,2025-12-17T10:41:41.204688,6
U0166,A0034,2026-02-18T10:41:41.204690,5
U0166,A0066,2026-02-17T10:41:41.204692,5
U0166,A0090,2025-12-26T10:41:41.204695,5
U0166,A0003,2025-12-06T10:41:41.204697,5
U0166,A0075,2025-12-13T10:41:41.204699,5
U0166,A0020,2026-02-02T10:41:41.204702,5
U0166,A0009,2026-01-21T10:41:41.204704,5
U0166,A0062,2026-01-01T10:41:41.204706,3
U0166,A0063,2026-01-28T10:41:41.204709,3
U0167,A0095,2026-02-13T10:41:41.205209,7
U0167,A0044,2025-12-01T10:41:41.205212,7
U0167,A0006,2025-12-20T10:41:41.205215,7
U0167,A0085,2025-12-06T10:41:41.205217,7
U0167,A0038,2025-12-03T10:41:41.205219,7
U0167,A0063,2026-02-13T10:41:41.205222,5
U0167,A0070,2025-12-28T10:41:41.205224,5
U0167,A0086,2026-02-04T10:41:41.205226,5
U0167,A0062,2026-02-21T10:41:41.205228,5
U0168,A0087,2026-02-07T10:41:41.205712,7
U0168,A0006,2026-01-11T10:41:41.205715,7
U0168,A0044,2026-02-24T10:41:41.205717,7
U0168,A0031,2025-11-28T10:41:41.205720,6
U0168,A0070,2026-01-28T10:41:41.205722,6
U0168,A0035,2025-12-20T10:41:41.205724,6
U0168,A0084,2026-01-11T10:41:41.205727,6
U0168,A0038,2026-01-01T10:41:41.205729,7
U0168,A0083,2026-02-09T10:41:41.205732,7
U0168,A0067,2026-01-01T10:41:41.205734,7
U0168,A0095,2026-02-02T10:41:41.205736,7
U0169,A0044,2025-11-28T10:41:41.206240,7
U0169,A0006,2026-01-17T10:41:41.206243,7
U0169,A0095,2026-02-08T10:41:41.206246,7
U0169,A0085,2026-01-17T10:41:41.206248,8
U0169,A0038,2025-12-31T10:41:41.206250,7
U0169,A0029,2025-12-15T10:41:41.206252,5
U0169,A0059,2026-01-21T10:41:41.206255,5
U0170,A0011,2026-01-25T10:41:41.206721,8
U0170,A0091,2025-12-30T10:41:41.206724,8
U0170,A0055,2025-12-06T10:41:41.206727,7
U0170,A0013,2026-02-08T10:41:41.206730,7
U0170,A0068,2026-01-21T10:41:41.206734,7
U0170,A0017,2025-11-29T10:41:41.206736,7
U0170,A0057,2025-11-29T10:41:41.206739,7
U0170,A0059,2026-01-20T10:41:41.206741,7
U0171,A0018,2026-01-31T10:41:41.207216,8
U0171,A0055,2025-11-29T10:41:41.207218,8
U0171,A0084,2026-01-01T10:41:41.207221,7
U0171,A0019,2025-12-12T10:41:41.207223,7
U0171,A0060,2026-01-13T10:41:41.207225,6
U0171,A0001,2026-02-22T10:41:41.207227,7
U0171,A0094,2025-11-29T10:41:41.207230,7
U0171,A0068,2025-12-26T10:41:41.207232,6
U0171,A0006,2026-02-02T10:41:41.207234,6
U0171,A0076,2026-01-12T10:41:41.207237,6
U0171,A0040,2025-12-09T10:41:41.207239,7
U0171,A0013,2026-02-02T10:41:41.207241,5
U0171,A0035,2026-01-11T10:41:41.207243,5
U0171,A0071,2026-02-20T10:41:41.207245,5
U0171,A0031,2026-02-12T10:41:41.207248,6
U0171,A0085,2026-01-06T10:41:41.207250,5
U0171,A0090,2025-12-09T10:41:41.207264,5
U0171,A0044,2026-02-15T10:41:41.207266,5
U0171,A0022,2026-01-11T10:41:41.207268,5
U0171,A0052,2026-01-01T10:41:41.207270,5
U0171,A0009,2025-12-08T10:41:41.207272,5
U0172,A0076,2025-11-30T10:41:41.207809,7
U0172,A0097,2026-01-22T10:41:41.207812,7
U0172,A0017,2026-02-23T10:41:41.207814,7
U0172,A0082,2026-02-24T10:41:41.207817,7
U0172,A0079,2026-01-02T10:41:41.207819,8
U0172,A0015,2026-02-15T10:41:41.207822,7
U0172,A0033,2026-01-29T10:41:41.207824,7
U0172,A0050,2025-12-19T10:41:41.207826,7
U0172,A0061,2026-01-07T10:41:41.207828,7
U0172,A0059,2026-01-13T10:41:41.207831,7
U0172,A0084,2026-01-21T10:41:41.207858,7
U0173,A0046,2026-02-21T10:41:41.208369,8
U0173,A0045,2026-02-13T10:41:41.208371,7
U0173,A0081,2026-02-02T10:41:41.208374,7
U0173,A0091,2025-12-01T10:41:41.208376,8
U0173,A0007,2026-02-03T10:41:41.208378,7
U0173,A0016,2026-01-12T10:41:41.208381,7
U0173,A0049,2026-01-04T10:41:41.208383,7
U0173,A0036,2026-02-08T10:41:41.208385,7
U0173,A0073,2026-02-17T10:41:41.208388,7
U0173,A0008,2025-12-18T10:41:41.208390,8
U0173,A0077,2026-01-28T10:41:41.208392,7
U0173,A0097,2026-01-02T10:41:41.208394,7
U0173,A0054,2026-02-12T10:41:41.208397,8
U0173,A0030,2026-02-23T10:41:41.208399,7
U0173,A0072,2025-12-15T10:41:41.208401,7
U0173,A0078,2025-12-17T10:41:41.208404,7
U0173,A0026,2026-02-20T10:41:41.208406,7
U0174,A0097,2026-01-20T10:41:41.208925,8
U0174,A0016,2026-01-08T10:41:41.208928,7
U0174,A0091,2026-01-02T10:41:41.208931,8
U0174,A0030,2025-12-16T10:41:41.208933,6
U0174,A0074,2026-02-09T10:41:41.208935,7
U0174,A0007,2026-01-08T10:41:41.208938,7
U0174,A0078,2026-02-20T10:41:41.208940,7
U0174,A0011,2025-12-17T10:41:41.208942,7
U0174,A0070,2025-12-12T10:41:41.208945,5
U0174,A0041,2026-01-15T10:41:41.208947,5
U0174,A0065,2026-02-11T10:41:41.208949,5
U0174,A0017,2026-01-18T10:41:41.208952,5
U0174,A0010,2026-01-07T10:41:41.208954,6
U0174,A0099,2025-11-27T10:41:41.208956,5
U0174,A0023,2026-01-26T10:41:41.208959,5
U0174,A0092,2025-12-03T10:41:41.208961,5
U0174,A0054,2026-02-11T10:41:41.208963,5
U0174,A0045,2025-12-18T10:41:41.208966,4
U0174,A0040,2025-12-29T10:41:41.208968,4
U0174,A0047,2025-12-07T10:41:41.208970,5
U0174,A0012,2025-12-16T10:41:41.208973,5
U0174,A0028,2025-12-12T10:41:41.208975,5
U0174,A0080,2025-12-25T10:41:41.208977,4
U0174,A0043,2026-01-03T10:41:41.208979,5
U0174,A0073,2026-01-26T10:41:41.208982,4
U0174,A0052,2026-01-25T10:41:41.208984,4
U0174,A0061,2025-11-30T10:41:41.208986,5
U0175,A0066,2026-01-27T10:41:41.209499,8
U0175,A0034,2026-02-20T10:41:41.209502,8
U0175,A0075,2026-01-10T10:41:41.209504,7
U0175,A0032,2025-12-03T10:41:41.209507,7
U0175,A0004,2025-12-08T10:41:41.209509,7
U0176,A0087,2026-01-18T10:41:41.209981,7
U0176,A0051,2025-12-04T10:41:41.209983,8
U0176,A0067,2026-01-19T10:41:41.209986,7
U0176,A0093,2026-01-26T10:41:41.209988,7
U0176,A0072,2026-01-26T10:41:41.209990,5
U0176,A0083,2026-02-06T10:41:41.209993,7
U0176,A0085,2025-12-11T10:41:41.209995,5
U0176,A0080,2025-11-27T10:41:41.209997,5
U0176,A0088,2026-01-16T10:41:41.210000,5
U0176,A0053,2026-01-11T10:41:41.210002,5
U0176,A0026,2025-11-30T10:41:41.210004,5
U0176,A0008,2025-12-28T10:41:41.210006,5
U0176,A0095,2025-12-19T10:41:41.210009,4
U0176,A0049,2026-01-01T10:41:41.210011,5
U0176,A0010,2025-12-23T10:41:41.210019,4
U0176,A0042,2025-11-28T10:41:41.210022,4
U0176,A0024,2025-12-04T10:41:41.210024,5
U0176,A0005,2026-01-19T10:41:41.210026,4
U0176,A0069,2026-02-18T10:41:41.210029,4
U0176,A0073,2026-01-18T10:41:41.210031,5
U0176,A0043,2025-12-26T10:41:41.210033,4
U0176,A0092,2025-12-28T10:41:41.210036,4
U0176,A0045,2026-02-08T10:41:41.210038,5
U0176,A0006,2026-01-22T10:41:41.210041,5
U0177,A0055,2025-12-20T10:41:41.211053,8
U0177,A0040,2025-12-01T10:41:41.211079,7
U0177,A0001,2025-12-27T10:41:41.211087,7
U0177,A0084,2026-02-17T10:41:41.211093,7
U0177,A0018,2026-02-24T10:41:41.211098,7
U0178,A0011,2025-12-14T10:41:41.212285,7
U0178,A0026,2025-12-17T10:41:41.212296,7
U0178,A0045,2025-12-21T10:41:41.212299,7
U0179,A0009,2026-02-03T10:41:41.213771,8
U0179,A0052,2026-01-15T10:41:41.213784,7
U0179,A0060,2026-02-05T10:41:41.213787,8
U0179,A0002,2025-11-29T10:41:41.213790,8
U0180,A0097,2025-12-20T10:41:41.215488,7
U0180,A0011,2026-01-06T10:41:41.215494,7
U0180,A0078,2026-02-21T10:41:41.215497,7
U0180,A0091,2025-12-19T10:41:41.215500,7
U0180,A0016,2026-02-16T10:41:41.215502,7
U0180,A0069,2026-02-13T10:41:41.215504,5
U0180,A0061,2026-02-24T10:41:41.215507,6
U0180,A0062,2025-12-28T10:41:41.215509,5
U0180,A0007,2026-02-12T10:41:41.215511,7
U0180,A0030,2026-01-19T10:41:41.215514,5
U0180,A0028,2025-12-10T10:41:41.215516,5
U0180,A0054,2026-02-02T10:41:41.215518,5
U0180,A0042,2026-01-29T10:41:41.215521,6
U0180,A0074,2026-01-04T10:41:41.215523,5
U0180,A0065,2026-02-21T10:41:41.215525,5
U0180,A0021,2026-01-24T10:41:41.215528,5
U0180,A0012,2026-01-03T10:41:41.215530,5
U0180,A0005,2025-12-21T10:41:41.215533,5
U0180,A0041,2026-02-21T10:41:41.215535,5
U0180,A0047,2025-12-22T10:41:41.215537,5
U0180,A0070,2025-12-03T10:41:41.215540,5
U0180,A0009,2026-01-13T10:41:41.215542,4
U0180,A0098,2025-12-15T10:41:41.215544,4
U0181,A0033,2026-01-09T10:41:41.216101,7
U0182,A0003,2025-12-13T10:41:41.216877,8
U0182,A0098,2025-12-12T10:41:41.216922,7
U0182,A0052,2025-12-14T10:41:41.216935,8
U0182,A0070,2026-02-05T10:41:41.216941,7
U0182,A0019,2026-01-10T10:41:41.216945,7
U0182,A0060,2025-12-27T10:41:41.216950,8
U0182,A0009,2026-02-23T10:41:41.216955,7
U0182,A0071,2025-12-12T10:41:41.216960,6
U0182,A0063,2025-12-12T10:41:41.216964,8
U0182,A0025,2026-02-03T10:41:41.216969,7
U0182,A0099,2025-12-21T10:41:41.216975,7
U0182,A0002,2025-12-31T10:41:41.216980,8
U0182,A0031,2026-02-09T10:41:41.216984,7
U0182,A0056,2026-02-23T10:41:41.216989,5
U0182,A0062,2026-02-06T10:41:41.216993,7
U0182,A0049,2025-12-20T10:41:41.216998,5
U0182,A0058,2026-01-11T10:41:41.217002,7
U0182,A0085,2025-12-06T10:41:41.217006,5
U0182,A0000,2026-01-13T10:41:41.217011,6
U0183,A0067,2026-01-08T10:41:41.217812,8
U0183,A0098,2025-12-31T10:41:41.217826,7
U0183,A0024,2026-02-23T10:41:41.217832,7
U0183,A0019,2025-12-20T10:41:41.217837,7
U0183,A0052,2025-12-19T10:41:41.217842,7
U0183,A0044,2026-02-18T10:41:41.217896,8
U0183,A0087,2025-11-30T10:41:41.217902,7
U0183,A0006,2026-01-22T10:41:41.217916,7
U0183,A0095,2026-02-16T10:41:41.217953,7
U0183,A0055,2025-12-21T10:41:41.217962,7
U0183,A0040,2025-11-29T10:41:41.217967,7
U0183,A0085,2025-12-07T10:41:41.217991,7
U0183,A0083,2026-02-20T10:41:41.217997,7
U0183,A0038,2025-12-01T10:41:41.218002,7
U0183,A0001,2026-02-08T10:41:41.218007,7
U0183,A0022,2026-01-19T10:41:41.218012,7
U0184,A0050,2025-12-21T10:41:41.219287,7
U0184,A0099,2026-01-07T10:41:41.219298,7
U0184,A0040,2026-01-15T10:41:41.219302,7
U0184,A0063,2026-01-15T10:41:41.219305,7
U0184,A0018,2026-02-09T10:41:41.219307,7
U0184,A0090,2026-02-23T10:41:41.219322,8
U0184,A0098,2025-12-19T10:41:41.219325,7
U0184,A0055,2026-01-03T10:41:41.219327,7
U0184,A0084,2026-02-11T10:41:41.219334,8
U0184,A0086,2025-12-08T10:41:41.219337,7
U0184,A0062,2025-12-11T10:41:41.219340,7
U0184,A0082,2025-12-27T10:41:41.219342,7
U0184,A0019,2026-02-24T10:41:41.219345,7
U0184,A0035,2025-12-23T10:41:41.219347,7
U0185,A0081,2025-12-15T10:41:41.220072,7
U0185,A0088,2026-01-03T10:41:41.220077,7
U0185,A0073,2026-02-16T10:41:41.220080,7
U0186,A0047,2025-12-18T10:41:41.220632,8
U0186,A0092,2025-12-01T10:41:41.220639,7
U0186,A0041,2026-01-01T10:41:41.220641,7
U0186,A0012,2025-12-04T10:41:41.220648,7
U0186,A0043,2026-02-24T10:41:41.220651,7
U0187,A0026,2026-01-12T10:41:41.221138,8
U0187,A0036,2026-01-02T10:41:41.221141,7
U0187,A0081,2026-01-09T10:41:41.221143,7
U0187,A0073,2026-02-07T10:41:41.221145,7
U0187,A0022,2025-11-27T10:41:41.221147,7
U0188,A0001,2025-12-20T10:41:41.221605,7
U0188,A0068,2026-02-11T10:41:41.221607,7
U0188,A0018,2026-02-24T10:41:41.221610,7
U0188,A0098,2025-12-14T10:41:41.221612,7
U0188,A0055,2025-12-19T10:41:41.221614,6
U0188,A0019,2026-02-12T10:41:41.221617,7
U0188,A0040,2025-12-02T10:41:41.221619,7
U0188,A0031,2025-12-28T10:41:41.221622,6
U0188,A0003,2026-01-02T10:41:41.221625,5
U0188,A0095,2026-01-01T10:41:41.221628,5
U0188,A0052,2026-01-26T10:41:41.221630,7
U0188,A0070,2026-01-08T10:41:41.221632,5
U0188,A0084,2026-02-08T10:41:41.221635,5
U0188,A0094,2026-02-14T10:41:41.221638,5
U0188,A0044,2026-01-13T10:41:41.221640,5
U0188,A0038,2026-02-05T10:41:41.221643,5
U0188,A0002,2026-01-02T10:41:41.221645,5
U0188,A0099,2025-12-25T10:41:41.221648,5
U0188,A0057,2026-01-30T10:41:41.221650,5
U0188,A0009,2025-12-03T10:41:41.221653,5
U0188,A0029,2025-12-29T10:41:41.221655,5
U0188,A0086,2026-02-10T10:41:41.221658,6
U0188,A0013,2026-02-15T10:41:41.221660,5
U0188,A0063,2026-02-23T10:41:41.221662,5
U0188,A0064,2025-12-29T10:41:41.221664,4
U0188,A0060,2026-02-24T10:41:41.221669,5
U0188,A0075,2026-01-05T10:41:41.221672,4
U0188,A0024,2025-12-18T10:41:41.221674,4
U0189,A0013,2026-02-11T10:41:41.222210,8
U0189,A0068,2025-12-24T10:41:41.222212,7
U0189,A0040,2026-01-01T10:41:41.222215,7
U0189,A0018,2025-11-27T10:41:41.222217,7
U0189,A0001,2026-01-10T10:41:41.222219,8
U0189,A0029,2026-01-16T10:41:41.222222,7
U0189,A0050,2026-01-03T10:41:41.222224,6
U0189,A0057,2026-02-11T10:41:41.222226,7
U0189,A0086,2026-01-22T10:41:41.222229,7
U0189,A0033,2026-02-12T10:41:41.222231,5
U0189,A0048,2026-02-11T10:41:41.222233,5
U0189,A0006,2025-12-04T10:41:41.222235,5
U0189,A0059,2025-12-12T10:41:41.222238,6
U0189,A0082,2025-12-03T10:41:41.222243,5
U0189,A0008,2026-02-11T10:41:41.222245,5
U0189,A0038,2026-02-20T10:41:41.222247,6
U0189,A0095,2025-12-03T10:41:41.222249,5
U0189,A0055,2026-02-12T10:41:41.222252,5
U0189,A0084,2026-01-18T10:41:41.222254,5
U0189,A0044,2025-11-30T10:41:41.222256,5
U0189,A0025,2025-12-27T10:41:41.222258,4
U0189,A0076,2026-01-27T10:41:41.222261,5
U0189,A0091,2025-12-14T10:41:41.222263,5
U0189,A0085,2025-12-04T10:41:41.222265,5
U0189,A0037,2025-12-02T10:41:41.222267,5
U0189,A0088,2025-11-29T10:41:41.222270,4
U0189,A0031,2026-02-14T10:41:41.222272,4
U0190,A0044,2026-02-19T10:41:41.222818,7
U0190,A0093,2025-12-13T10:41:41.222821,8
U0190,A0038,2026-02-02T10:41:41.222823,7
U0190,A0083,2026-01-02T10:41:41.222826,7
U0190,A0087,2026-02-01T10:41:41.222828,7
U0190,A0095,2025-12-16T10:41:41.222830,7
U0190,A0068,2025-12-20T10:41:41.222832,6
U0191,A0065,2025-12-18T10:41:41.223343,8
U0191,A0042,2026-01-17T10:41:41.223346,7
U0191,A0069,2026-01-12T10:41:41.223351,7
U0191,A0028,2025-12-07T10:41:41.223354,7
U0191,A0021,2026-01-08T10:41:41.223356,7
U0191,A0041,2025-12-18T10:41:41.223358,7
U0191,A0012,2025-12-30T10:41:41.223399,7
U0192,A0021,2025-12-13T10:41:41.223959,7
U0192,A0041,2025-11-30T10:41:41.223962,7
U0192,A0010,2026-01-19T10:41:41.223964,7
U0192,A0005,2026-02-23T10:41:41.223967,7
U0192,A0012,2026-01-17T10:41:41.223970,7
U0192,A0065,2026-01-23T10:41:41.223972,7
U0192,A0092,2025-12-28T10:41:41.223974,7
U0192,A0028,2026-01-08T10:41:41.223977,7
U0192,A0043,2026-02-21T10:41:41.223979,7
U0193,A0025,2026-02-21T10:41:41.224450,5
U0193,A0009,2026-01-06T10:41:41.224452,6
U0194,A0073,2026-01-07T10:41:41.224900,7
U0194,A0053,2026-01-18T10:41:41.224903,7
U0194,A0024,2026-01-19T10:41:41.224905,7
U0194,A0088,2026-02-04T10:41:41.224908,7
U0195,A0091,2025-11-28T10:41:41.225371,6
U0195,A0042,2026-02-07T10:41:41.225374,6
U0195,A0097,2026-01-23T10:41:41.225377,6
U0195,A0043,2026-02-18T10:41:41.225379,5
U0195,A0021,2025-12-22T10:41:41.225381,5
U0196,A0052,2026-02-10T10:41:41.225843,8
U0196,A0099,2026-01-04T10:41:41.225846,8
U0196,A0070,2026-01-04T10:41:41.225848,7
U0196,A0035,2026-02-14T10:41:41.225851,7
U0196,A0090,2025-12-14T10:41:41.225853,7
U0197,A0051,2025-12-19T10:41:41.226322,6
U0197,A0031,2026-02-05T10:41:41.226325,6
U0197,A0060,2025-12-09T10:41:41.226328,5
U0197,A0017,2025-12-04T10:41:41.226330,5
U0197,A0014,2026-01-23T10:41:41.226333,5
U0197,A0024,2026-01-11T10:41:41.226335,5
U0198,A0024,2026-01-04T10:41:41.226824,7
U0198,A0022,2026-02-04T10:41:41.226827,7
U0198,A0072,2026-02-16T10:41:41.226829,6
U0199,A0090,2025-12-24T10:41:41.227305,6
U0199,A0099,2026-01-01T10:41:41.227308,5
U0199,A0060,2026-02-14T10:41:41.227310,5
U0199,A0031,2025-12-31T10:41:41.227313,5
